soc_6digit,usage_total,employment,wage_annual,wage_hourly,occ_title,share_core,avg_match_score,share_ambiguous,usage_per_worker,log_wage,log_employment,log_usage_intensity
11-1011,1249.0,211850.0,262930.0,126.41,Chief Executives,0.8571428571428571,100.0,0.0,0.005895680906301629,12.479643116037305,12.263633756054706,-5.133365644619689
11-1021,376.0,3584420.0,133120.0,64.0,General and Operations Managers,0.6666666666666666,100.0,0.0,0.00010489842150194452,11.799006256055035,15.09210723371104,-9.153030211020933
11-1031,17.0,26510.0,67390.0,32.39903846153846,Legislators,0.0,100.0,0.0,0.0006412674462466994,11.118251917940263,10.18527729928307,-7.350505758082111
11-2011,2847.0,21100.0,149270.0,71.76,Advertising and Promotions Managers,0.6153846153846154,98.93122228648545,0.07692307692307693,0.13492890995260665,11.913512025627286,9.957028319464158,-2.0029998209034328
11-2021,224.0,384980.0,171520.0,82.46,Marketing Managers,1.0,100.0,0.0,0.0005818484077094914,12.052455156864575,12.860946663868626,-7.447583426506614
11-2022,654.0,603710.0,160930.0,77.37,Sales Managers,0.6666666666666666,100.0,0.3333333333333333,0.0010833015851981912,11.98872476681254,13.310849229166129,-6.826819199531852
11-2032,606.5,76060.0,163520.0,78.61,Public Relations Managers,0.0,100.0,0.3333333333333333,0.007973967920063108,12.004690585997476,11.23927778148225,-4.8314476528819394
11-2033,126.5,36920.0,137290.0,66.01,Fundraising Managers,0.0,98.18181818181819,1.0,0.0034263271939328275,11.82985075589165,10.516508688616788,-5.675974565323879
11-3013,6522.0,141090.0,114520.0,55.06,Facilities Managers,0.0,99.3732970027248,0.0,0.04622581331065277,11.64850475921205,11.857153263607204,-3.074195274557245
11-3021,422.0,645970.0,187990.0,90.38,Computer and Information Systems Managers,1.0,100.0,0.125,0.0006532811121259501,12.144144048908007,13.378508342057904,-7.331973463804729
11-3031,3411.0,818620.0,180470.0,86.76,Financial Managers,0.625,100.0,0.0,0.004166768464000391,12.103319837955343,13.615375274698984,-5.480374526937707
11-3051,115.0,234380.0,129180.0,62.11,Industrial Production Managers,1.0,100.0,0.0,0.0004906561993344142,11.768962059586464,12.364699008812593,-7.617730867574415
11-3061,1340.0,81240.0,150630.0,72.42,Purchasing Managers,1.0,100.0,0.0,0.016494337764647957,11.92258177769686,11.30516301569432,-4.104677497721426
11-3071,949.0,213000.0,116010.0,55.77,"Transportation, Storage, and Distribution Managers",1.0,100.0,0.0,0.004455399061032864,11.661431673269453,12.269047444691562,-5.413414224479955
11-3111,82.0,20070.0,156230.0,75.11,Compensation and Benefits Managers,0.5,100.0,0.5,0.00408570004982561,11.959084559405948,9.906981441790384,-5.500017468376457
11-3121,259.0,215520.0,160480.0,77.15,Human Resources Managers,1.0,100.0,0.3333333333333333,0.001201744617668894,11.985924603195762,12.280808991644191,-6.72314915241539
11-3131,278.0,44960.0,140590.0,67.59,Training and Development Managers,1.0,100.0,0.0,0.006183274021352313,11.853603132073953,10.713528484567572,-5.08574565733457
11-9013,24.0,5910.0,97240.0,46.75,"Farmers, Ranchers, and Other Agricultural Managers",0.0,97.81659388646288,0.0,0.0040609137055837565,11.48493742843006,8.684401110400144,-5.506101060366753
11-9021,205.0,348330.0,119660.0,57.53,Construction Managers,1.0,100.0,0.0,0.0005885223782045761,11.692409666944023,12.760905585289162,-7.436197877376443
11-9031,142.0,71620.0,62640.0,30.12,"Education and Childcare Administrators, Preschool and Daycare",1.0,100.0,0.0,0.0019826864004468025,11.045159330664685,11.179129643552423,-6.222798346903859
11-9032,700.0,319630.0,113360.0,54.5,"Education Administrators, Kindergarten through Secondary",0.5714285714285714,97.74260266367972,0.0,0.0021900322247598784,11.638323874364563,12.674919355803162,-6.123382510690623
11-9033,19.0,176420.0,124450.0,59.83,"Education Administrators, Postsecondary",0.0,100.0,0.0,0.00010769753996145562,11.731659307795738,12.080622794812758,-9.126941395542556
11-9041,83.0,210340.0,175710.0,84.48,Architectural and Engineering Managers,1.0,100.0,0.0,0.00039459922030997435,12.076590187751938,12.25648054807402,-7.835108929122678
11-9051,128.0,244230.0,72370.0,34.79,Food Service Managers,1.0,100.0,0.0,0.0005240961388854768,11.189547127860173,12.405865683236133,-7.551929190450757
11-9071,82.0,4620.0,102480.0,49.27,Gambling Managers,1.0,100.0,0.0,0.01774891774891775,11.537422936570616,8.438149984075784,-4.031374396935237
11-9072,11.0,36700.0,87060.0,41.86,"Entertainment and Recreation Managers, Except Gambling",0.0,100.0,1.0,0.0002997275204359673,11.374352815106288,10.510532034042662,-8.109305950920598
11-9081,195.0,41350.0,77460.0,37.24,Lodging Managers,1.0,100.0,0.0,0.00471584038694075,11.257516953068743,10.629827700451838,-5.356616113085734
11-9111,247.0,565840.0,137730.0,66.22,Medical and Health Services Managers,1.0,100.0,0.0,0.00043651915735897076,11.833050525911377,13.246066631709871,-7.734390064876206
11-9121,1967.0,100870.0,173500.0,83.41,Natural Sciences Managers,0.9,99.66108657697443,0.0,0.01950034698126301,12.063932878369052,11.52158783804888,-3.9372717398358645
11-9131,17.0,13810.0,93760.0,45.08,Postmasters and Mail Superintendents,1.0,100.0,0.0,0.0012309920347574222,11.448493604810839,9.533148246403337,-6.699122879186009
11-9141,607.0,296640.0,82720.0,39.77,"Property, Real Estate, and Community Association Managers",0.42857142857142855,100.0,0.0,0.0020462513484358143,11.323216689742257,12.600274561359628,-6.191257191157061
11-9151,142.0,195490.0,86100.0,41.39,Social and Community Service Managers,1.0,100.0,0.0,0.0007263798659777993,11.363264690415821,12.183264506204166,-7.226061705231093
11-9171,281.0,13120.0,85650.0,41.18,Funeral Home Managers,1.0,100.0,0.0,0.02141768292682927,11.358024503752265,9.48189306249808,-3.8434917038628376
11-9179,3101.0,10490.0,70620.0,33.95,"Personal Service Managers, All Other",1.0,100.0,0.0,0.2956148713060057,11.165068669482377,9.258177701390343,-1.2186943995158672
11-9199,1120.5,630980.0,149890.0,72.06,"Managers, All Other",0.8947368421052632,100.0,0.05263157894736842,0.001775809058924213,11.917656970724641,13.355029445299953,-6.332936186948037
13-1011,1192.0,14220.0,165600.0,79.62,"Agents and Business Managers of Artists, Performers, and Athletes",0.75,100.0,0.0,0.08382559774964839,12.017330520933296,9.562404703357231,-2.4790049262728915
13-1031,712.0,305020.0,78770.0,37.87,"Claims Adjusters, Examiners, and Investigators",0.625,100.0,0.0,0.0023342731624155792,11.27428749269737,12.628132627210174,-6.059626408658394
13-1041,1098.5,397770.0,84980.0,40.86,Compliance Officers,0.7333333333333333,100.0,0.06666666666666667,0.002761646177439224,11.350171213668803,12.893629227776874,-5.891566298628084
13-1051,158.0,219530.0,83160.0,39.98,Cost Estimators,1.0,100.0,0.0,0.000719719400537512,11.328521741971949,12.299244176417968,-7.235260677376469
13-1071,2254.0,917460.0,79730.0,38.33,Human Resources Specialists,0.7272727272727273,100.0,0.0,0.0024567828570182895,11.28640120549654,13.729364261230252,-6.008495613067597
13-1075,35.0,64590.0,97130.0,46.7,Labor Relations Specialists,0.5,100.0,0.0,0.0005418795479176343,11.483805566396375,11.075814879026519,-7.518623089676943
13-1081,1202.0,235640.0,87600.0,42.12,Logisticians,0.8823529411764706,100.0,0.0,0.005101001527754201,11.380536276924483,12.370060495635624,-5.278122359820343
13-1082,30.0,1006160.0,108100.0,51.97,Project Management Specialists,0.0,100.0,1.0,2.981633139858472e-05,11.590812003627299,13.821651662721036,-10.387465768298625
13-1111,224.0,893900.0,114710.0,55.15,Management Analysts,1.0,100.0,0.0,0.0002505873140172279,11.650162483275313,13.703349191075944,-8.287720455644365
13-1121,601.0,134670.0,65090.0,31.29,"Meeting, Convention, and Event Planners",1.0,100.0,0.0,0.004462760822751912,11.083526206566432,11.810582620444087,-5.411763634471177
13-1131,94.0,105930.0,73130.0,35.16,Fundraisers,0.75,98.63636363636364,0.25,0.0008873784574719155,11.199993958264997,11.570533777590542,-7.026112714918876
13-1141,1736.0,102370.0,82920.0,39.86,"Compensation, Benefits, and Job Analysis Specialists",0.0,100.0,0.0,0.016958093191364657,11.325631566549715,11.536348979913816,-4.076951117538108
13-1151,227.0,436610.0,73760.0,35.46,Training and Development Specialists,1.0,100.0,0.0,0.0005199147981035707,11.208571858230476,12.986795627095875,-7.559924064894109
13-1161,9146.0,861140.0,86480.0,41.58,Market Research Analysts and Marketing Specialists,0.8620689655172413,100.0,0.0,0.01062080497944585,11.36766845231309,13.666012371817672,-4.54484631721018
13-1199,5565.0,1128200.0,92380.0,44.41,"Business Operations Specialists, All Other",0.6,99.56109550030833,0.0,0.004932636057436625,11.433665783984596,13.936134000288012,-5.311679025768899
13-2011,1464.0,1448290.0,93520.0,44.96,Accountants and Auditors,0.7,99.38927553395266,0.0,0.0010108472750623148,11.44593059614595,14.185894108118283,-6.895977633475567
13-2041,68.0,67370.0,98040.0,47.14,Credit Analysts,0.5,100.0,0.5,0.0010093513433278908,11.493130837642049,11.117955093954706,-6.897457143938779
13-2051,1496.5,340580.0,116490.0,56.01,Financial and Investment Analysts,0.0,100.0,0.2857142857142857,0.004393974983851077,11.665560711393823,12.738405325580596,-5.42729343981772
13-2052,1352.0,270480.0,160210.0,77.02,Personal Financial Advisors,0.9,100.0,0.0,0.004998521147589471,11.98424073364076,12.507953437381767,-5.298413141616428
13-2053,166.0,107820.0,90830.0,43.67,Insurance Underwriters,1.0,97.89343246592318,0.0,0.0015396030421072158,11.416744906496259,11.58821844900566,-6.475581353422397
13-2054,450.5,56320.0,119930.0,57.66,Financial Risk Specialists,0.0,100.0,0.4444444444444444,0.00799893465909091,11.694663518225767,10.938804990831924,-4.828321904949292
13-2061,279.0,62830.0,103650.0,49.83,Financial Examiners,1.0,100.0,0.0,0.0044405538755371635,11.548775117863926,11.048187945396993,-5.4167509917960786
13-2071,483.0,28110.0,55890.0,26.87,Credit Counselors,1.0,99.20399387421374,0.0,0.01718249733191035,10.931140752263744,10.243880663900578,-4.0638058131837225
13-2072,880.0,290530.0,86020.0,41.35,Loan Officers,0.4166666666666667,100.0,0.0,0.003028947096685368,11.362335106337728,12.579462120165852,-5.799210119453097
13-2081,23.0,53530.0,67570.0,32.49,"Tax Examiners and Collectors, and Revenue Agents",0.0,100.0,0.0,0.000429665608070241,11.12091937654622,10.887997523387426,-7.750178620334093
13-2082,237.0,73570.0,58860.0,28.3,Tax Preparers,1.0,100.0,0.0,0.0032214217751801006,10.982917021787463,11.20599261292631,-5.7376220980211725
13-2099,878.0,127450.0,93890.0,45.14,"Financial Specialists, All Other",0.7692307692307693,100.0,0.0,0.006888976069046685,11.449879163252593,11.755479409804261,-4.977687667250456
15-1211,24388.0,497800.0,111960.0,53.83,Computer Systems Analysts,0.9,99.4973722973703,0.0,0.04899156287665729,11.62589694362939,13.117953668915629,-3.016086770418363
15-1212,2477.0,179430.0,127730.0,61.41,Information Security Analysts,1.0,100.0,0.0,0.01380482639469431,11.757673940036822,12.097540438706712,-4.282664573407301
15-1221,4617.0,38480.0,152310.0,73.23,Computer and Information Research Scientists,1.0,100.0,0.16666666666666666,0.11998440748440749,11.933673196609549,10.557893904779643,-2.1203851478910973
15-1231,5559.0,146450.0,79610.0,38.27,Computer Network Support Specialists,1.0,100.0,0.0,0.037958347558893824,11.284894992082624,11.89443935225588,-3.271239492983118
15-1232,1625.0,697210.0,64990.0,31.25,Computer User Support Specialists,0.9,100.0,0.0,0.0023307181480472167,11.081988690888394,13.454841935611775,-6.061149880556866
15-1241,3687.0,177010.0,135890.0,65.33,Computer Network Architects,0.9,99.65465465465465,0.0,0.020829331676176486,11.819601013914543,12.083961507135202,-3.871345100831874
15-1242,13983.5,73180.0,107440.0,51.65,Database Administrators,0.9285714285714286,99.35070533227257,0.42857142857142855,0.1910836294069418,11.584687831197119,11.200677438573198,-1.6550388631688593
15-1243,52410.5,64770.0,142620.0,68.57,Database Architects,0.96875,99.98292349726776,0.1875,0.8091786320827543,11.867939029582294,11.078597812176962,-0.21173434444186431
15-1244,8001.0,318570.0,101190.0,48.65,Network and Computer Systems Administrators,0.875,100.0,0.0,0.025115359261700724,11.524755216723806,12.671597510066,-3.684235881735558
15-1251,33151.0,109870.0,103640.0,49.83,Computer Programmers,1.0,100.0,0.0,0.3017293164649131,11.548678634676046,11.607053127694927,-1.1982216524000415
15-1252,66262.0,1654440.0,144570.0,69.5,Software Developers,0.0,98.39190898294967,0.1,0.04005101424046807,11.881519098302489,14.318973140953675,-3.2175763135871565
15-1253,142730.0,199800.0,110260.0,53.01,Software Quality Assurance Analysts and Testers,0.8333333333333334,100.0,0.08333333333333333,0.7143643643643643,11.610596492143674,12.20507214519659,-0.33636073272789296
15-1254,18671.333333333332,78860.0,98790.0,47.5,Web Developers,0.7333333333333333,99.80952380952381,0.7333333333333333,0.23676557612646884,11.50075166403852,11.275429407431618,-1.440680534049193
15-1255,12716.833333333334,111400.0,111450.0,53.58,Web and Digital Interface Designers,0.17647058823529413,100.0,0.5882352941176471,0.11415469778575704,11.621331338814015,11.620882606475321,-2.1701919923527226
15-1299,26427.833333333336,439380.0,116700.0,56.11,"Computer Occupations, All Other",0.967741935483871,99.93791523521975,0.06451612903225806,0.06014801159209189,11.667361818274648,12.99311992128317,-2.810930269080637
15-2011,128.0,28340.0,134990.0,64.9,Actuaries,1.0,100.0,0.0,0.004516584333098095,11.812955980602872,10.252029513244672,-5.3997778675818005
15-2021,1042.0,2220.0,122520.0,58.91,Mathematicians,1.0,100.0,0.0,0.46936936936936935,11.716029560946712,7.705262474866325,-0.7563631220370484
15-2031,1281.0,107760.0,99120.0,47.66,Operations Research Analysts,1.0,99.76937269372694,0.0,0.011887527839643653,11.504086516303024,11.587661811084246,-4.43218139094569
15-2041,6093.0,29800.0,112330.0,54.01,Statisticians,1.0,99.38713935333305,0.0,0.20446308724832216,11.629196246635615,10.302263672493496,-1.5873629313985995
15-2051,9211.0,233440.0,124590.0,59.9,Data Scientists,0.9565217391304348,100.0,0.0,0.039457676490747086,11.732783625292909,12.360680363756613,-3.232501319478621
15-2099,62434.0,4660.0,84700.0,40.72,"Mathematical Science Occupations, All Other",0.6,99.72677595628416,0.0,13.39785407725322,11.346870880640147,8.446770727119691,2.595094625282778
17-1011,158.0,111140.0,103390.0,49.71,"Architects, Except Landscape and Naval",1.0,99.85875706214689,0.25,0.0014216303761022135,11.54626352458074,11.618545946833912,-6.555247743367717
17-1012,26.0,19580.0,88000.0,42.31,Landscape Architects,1.0,99.43502824858756,1.0,0.001327885597548519,11.385092093460344,9.8822639160845,-6.623414584560086
17-1021,180.0,12790.0,82860.0,39.84,Cartographers and Photogrammetrists,0.5,100.0,0.0,0.014073494917904612,11.324907715631392,9.456418894572888,-4.263390990651449
17-1022,35.0,53080.0,76730.0,36.89,Surveyors,0.5,100.0,0.0,0.0006593820648078372,11.24804804517171,10.879555488446144,-7.32269200436123
17-2011,107.0,68440.0,141180.0,67.88,Aerospace Engineers,0.5,100.0,0.0,0.0015634132086499123,11.857790950949463,11.13371272800613,-6.460244471849631
17-2031,271.0,21860.0,115020.0,55.3,Bioengineers and Biomedical Engineers,1.0,100.0,0.0,0.012397072278133577,11.652861305267745,9.99241376173053,-4.390214279897369
17-2051,154.0,355410.0,107050.0,51.47,Civil Engineers,0.6666666666666666,100.0,0.0,0.0004333023831631074,11.58105129401783,12.781027331616915,-7.74176953107243
17-2061,2585.0,75710.0,156770.0,75.37,Computer Hardware Engineers,0.8333333333333334,99.69915764139591,0.16666666666666666,0.034143442081627264,11.962535042062576,11.234665531097352,-3.377155456382553
17-2071,317.0,188790.0,120980.0,58.16,Electrical Engineers,0.25,100.0,0.0,0.0016791143598707558,11.703380521660906,12.14839056518909,-6.3888934165320785
17-2072,357.0,93940.0,132500.0,63.7,"Electronics Engineers, Except Computer",1.0,100.0,0.0,0.0038002980625931448,11.794337924408413,11.450411559580987,-5.57241267516098
17-2081,55.0,37950.0,110570.0,53.16,Environmental Engineers,1.0,100.0,0.0,0.0014492753623188406,11.613404083536448,10.544024782823776,-6.5360018355318585
17-2111,27.0,23220.0,113770.0,54.7,"Health and Safety Engineers, Except Mining Safety Engineers and Inspectors",0.0,98.12734082397004,0.0,0.0011627906976744186,11.641934145533762,10.052769255251883,-6.756072758835671
17-2112,243.0,350230.0,107900.0,51.87,Industrial Engineers,1.0,99.37823834196891,0.0,0.000693829769008937,11.588960151246226,12.766345360498919,-7.271843679079158
17-2121,18.0,8440.0,116680.0,56.1,Marine Engineers and Naval Architects,1.0,100.0,0.0,0.0021327014218009478,11.667190423981658,9.040737587590003,-6.149897050698994
17-2141,581.0,286760.0,110080.0,52.92,Mechanical Engineers,0.8333333333333334,100.0,0.0,0.0020260845306179385,11.60896265316717,12.566400907966809,-6.201156710054245
17-2199,2033.0,150750.0,121720.0,58.52,"Engineers, All Other",0.8421052631578947,99.2822966507177,0.0,0.013485903814262023,11.709478604010908,11.923378114589433,-4.306036152209926
17-3011,61.0,109550.0,68860.0,33.11,Architectural and Civil Drafters,0.6666666666666666,98.36477987421385,0.3333333333333333,0.0005568233683249658,11.139830736892515,11.604136345023612,-7.491468189914151
17-3012,304.0,20020.0,77960.0,37.48,Electrical and Electronics Drafters,0.8,99.02912621359224,0.2,0.015184815184815185,11.263951153621496,9.90448705286921,-4.187393498368195
17-3022,1389.0,62130.0,68450.0,32.91,Civil Engineering Technologists and Technicians,0.25,100.0,0.0,0.022356349589570255,11.133858830716594,11.03698424305774,-3.800600171282155
17-3023,122.0,92710.0,78580.0,37.78,Electrical and Electronic Engineering Technologists and Technicians,1.0,100.0,0.0,0.0013159313989860857,11.27187249311245,11.437231620601029,-6.6324509464264985
17-3024,63.0,14680.0,75710.0,36.4,Electro-Mechanical and Mechatronics Technologists and Technicians,0.3333333333333333,100.0,0.0,0.004291553133514986,11.234665531097352,9.594241302168507,-5.45087358704794
17-3025,87.0,12500.0,63070.0,30.32,Environmental Engineering Technologists and Technicians,0.3333333333333333,100.0,0.0,0.00696,11.052000499657696,9.433483923290392,-4.967432136795607
17-3026,47.0,73410.0,69780.0,33.55,Industrial Engineering Technologists and Technicians,1.0,100.0,0.0,0.0006402397493529492,11.153102714740765,11.203815445104826,-7.352107147021567
17-3027,1199.0,37450.0,72450.0,34.83,Mechanical Engineering Technologists and Technicians,1.0,100.0,0.0,0.03201602136181576,11.190651947748828,10.530761988945365,-3.4414876000436654
17-3029,41.0,64410.0,79740.0,38.34,"Engineering Technologists and Technicians, Except Drafters, All Other",1.0,96.42631246046807,0.0,0.0006365471200124205,11.286526620935346,11.073024179540937,-7.357882369918205
19-1012,205.0,14370.0,92190.0,44.32,Food Scientists and Technologists,1.0,99.6969696969697,0.0,0.014265831593597773,11.43160694379264,9.57289797907307,-4.249817904830406
19-1013,100.0,16600.0,83040.0,39.92,Soil and Plant Scientists,0.5,100.0,0.0,0.006024096385542169,11.327077698399716,9.717157974344635,-5.111821802133019
19-1021,747.0,34520.0,115570.0,55.56,Biochemists and Biophysicists,0.6,100.0,0.0,0.0216396292004635,11.657631685969488,10.449294145197364,-3.8331827496195485
19-1022,302.0,19760.0,95200.0,45.77,Microbiologists,1.0,100.0,0.0,0.015283400809716598,11.463735220779457,9.89141497130186,-4.180922525603893
19-1023,385.0,16920.0,77920.0,37.46,Zoologists and Wildlife Biologists,1.0,100.0,0.0,0.022754137115839245,11.263437938316416,9.736251633160215,-3.7829643517861693
19-1029,5819.0,59710.0,100440.0,48.29,"Biological Scientists, All Other",0.75,99.30301094732177,0.0,0.09745436275330766,11.517315813271521,10.997254789541039,-2.328360823723747
19-1041,21.0,11460.0,94160.0,45.27,Epidemiologists,1.0,100.0,0.0,0.0018324607329842932,11.452750741934159,9.346617990268731,-6.301549987107484
19-1042,15.0,156300.0,112690.0,54.18,"Medical Scientists, Except Epidemiologists",1.0,100.0,0.0,9.596928982725528e-05,11.632395964946395,11.959532516409569,-9.241116229308181
19-2011,442.0,1560.0,134430.0,64.63,Astronomers,1.0,100.0,0.0,0.2833333333333333,11.808798896448298,7.352441100243583,-1.2611276887603484
19-2012,176.0,21340.0,166000.0,79.81,Physicists,1.0,100.0,0.0,0.008247422680412371,12.01974306733868,9.968338524855744,-4.797733287167779
19-2021,48.0,8780.0,103980.0,49.99,Atmospheric and Space Scientists,1.0,100.0,0.0,0.005466970387243736,11.551953851937707,9.080231686629162,-5.208847775781819
19-2031,841.0,83250.0,95940.0,46.13,Chemists,1.0,100.0,0.0,0.010102102102102103,11.471478275056056,11.32960340784269,-4.594912763470405
19-2032,1239.0,8330.0,111410.0,53.56,Materials Scientists,1.0,100.0,0.0,0.14873949579831933,11.620972369053362,9.027618735160889,-1.9055521303905045
19-2041,394.0,84930.0,88640.0,42.62,"Environmental Scientists and Specialists, Including Health",0.42857142857142855,100.0,0.0,0.00463911456493583,11.392338501981111,11.349582666774054,-5.373016222329855
19-2042,464.0,22510.0,111310.0,53.52,"Geoscientists, Except Hydrologists and Geographers",0.5,100.0,0.0,0.020613060861839182,11.62007438048727,10.021714933900778,-3.8817818699202022
19-2043,211.0,5720.0,98130.0,47.18,Hydrologists,1.0,100.0,0.0,0.03688811188811189,11.49404840920054,8.651724084373843,-3.2998388422604803
19-2099,680.0,22580.0,123070.0,59.17,"Physical Scientists, All Other",1.0,100.0,0.0,0.030115146147032774,11.720508578166383,10.024819837703653,-3.5026938342024505
19-3011,292.0,15880.0,130910.0,62.94,Economists,1.0,100.0,0.0,0.018387909319899243,11.782265343174144,9.672815734801127,-3.9960075504499333
19-3022,10760.0,7720.0,73470.0,35.32,Survey Researchers,1.0,100.0,0.0,1.3937823834196892,11.204632438614324,8.951569643018821,0.3320219081688151
19-3032,1263.0,1050.0,134400.0,64.62,Industrial-Organizational Psychologists,0.9166666666666666,99.49308302038666,0.0,1.2028571428571428,11.808575707071187,6.956545443151569,0.18470051055249564
19-3033,2170.0,72190.0,106850.0,51.37,Clinical and Counseling Psychologists,0.8333333333333334,98.55038478206474,0.0,0.030059565036708685,11.579181260747294,11.187056811133207,-3.504541097870939
19-3034,326.0,63830.0,93610.0,45.01,School Psychologists,0.6666666666666666,100.0,0.0,0.005107316308945637,11.446892494365791,11.063978578250103,-5.276885418503221
19-3041,364.0,2950.0,111670.0,53.69,Sociologists,1.0,100.0,0.0,0.12338983050847457,11.623303372439837,7.989560449333865,-2.0923984773343607
19-3051,587.0,43040.0,89730.0,43.14,Urban and Regional Planners,0.0,100.0,0.0,0.013638475836431227,11.404560440292103,10.669885194835667,-4.294787055719344
19-3091,554.0,8070.0,71070.0,34.17,Anthropologists and Archeologists,0.6,100.0,0.0,0.06864931846344485,11.171420585820941,8.995908761263994,-2.6787295078358015
19-3092,275.0,1380.0,98160.0,47.19,Geographers,1.0,98.7410071942446,0.0,0.19927536231884058,11.494354079384793,7.22983877815125,-1.613062662315452
19-3093,978.0,3140.0,78470.0,37.73,Historians,1.0,96.10802368239439,0.0,0.31146496815286623,11.27047166512152,8.0519780789023,-1.166465198238689
19-3094,307.0,5950.0,137600.0,66.15,Political Scientists,0.8,100.0,0.0,0.051596638655462185,11.83210620448138,8.691146498539675,-2.9642793700327976
19-3099,88.0,36970.0,106440.0,51.17,"Social Scientists and Related Workers, All Other",1.0,100.0,0.0,0.0023803083581282122,11.575336725091626,10.517862051930678,-6.0401052120391325
19-4012,185.0,14340.0,49680.0,23.88,Agricultural Technicians,0.6666666666666666,100.0,0.0,0.01290097629009763,10.81335771660736,9.57080811415361,-4.35037477856579
19-4013,195.0,14200.0,54400.0,26.15,Food Science Technicians,1.0,100.0,0.0,0.013732394366197184,10.904119432844034,9.560997243589352,-4.28792486716407
19-4021,1526.0,76190.0,58020.0,27.89,Biological Technicians,0.75,100.0,0.0,0.020028875180469877,10.968543057675396,11.240985499467055,-3.9105303609528894
19-4031,316.0,55640.0,61300.0,29.47,Chemical Technicians,0.8,100.0,0.0,0.005679367361610352,11.023535121924303,10.926657646037379,-5.170739372000651
19-4042,96.0,39390.0,56770.0,27.29,"Environmental Science and Protection Technicians, Including Health",1.0,100.0,0.0,0.002437166793602437,10.946763296164772,10.581267255964951,-6.01650883615227
19-4043,1186.0,9710.0,58220.0,27.99,"Geological Technicians, Except Hydrologic Technicians",0.75,100.0,0.0,0.12214212152420185,10.971984217299614,9.18091156128537,-2.1025617945774036
19-4051,19.0,5990.0,100730.0,48.43,Nuclear Technicians,0.0,100.0,0.0,0.0031719532554257096,11.520198948936727,8.697846691109495,-5.753092498470147
19-4061,3363.0,32940.0,63560.0,30.56,Social Science Research Assistants,0.6363636363636364,100.0,0.0,0.10209471766848816,11.059739620650653,10.402443003731632,-2.2818444972132825
19-4071,250.0,31080.0,56660.0,27.24,Forest and Conservation Technicians,0.0,100.0,0.0,0.008043758043758044,10.944823773384508,10.344319804481584,-4.822734574346428
19-4099,1030.0,71400.0,64640.0,31.08,"Life, Physical, and Social Science Technicians, All Other",0.3333333333333333,100.0,0.0,0.01442577030812325,11.076588693194976,11.176053148327675,-4.238669749118192
21-1012,993.0,342350.0,71520.0,34.38,"Educational, Guidance, and Career Counselors and Advisors",0.8181818181818182,99.42985424432099,0.0,0.0029005403826493355,11.177732409847396,12.74358888454921,-5.842513516577858
21-1013,422.0,65870.0,72720.0,34.96,Marriage and Family Therapists,1.0,99.5260663507109,0.0,0.006406558372551997,11.19437172885136,11.09543838163474,-5.050276989732117
21-1021,52.0,382960.0,62920.0,30.25,"Child, Family, and School Social Workers",0.0,100.0,0.0,0.00013578441612701066,11.049619357172213,12.855685824066391,-8.897104476465096
21-1022,103.0,185940.0,72030.0,34.63,Healthcare Social Workers,0.75,100.0,0.0,0.0005539421318704958,11.184837977883408,12.133179320009848,-7.496646716554018
21-1023,64.0,125910.0,68290.0,32.83,Mental Health and Substance Abuse Social Workers,1.0,100.0,0.0,0.000508299579064411,11.131518621955134,11.743322644995747,-7.582474150572366
21-1091,107.0,65150.0,71700.0,34.47,Health Education Specialists,0.75,100.0,0.0,0.0016423637759017651,11.180246026587712,11.084447582552992,-6.411010054877719
21-1094,81.0,60730.0,55970.0,26.91,Community Health Workers,1.0,100.0,0.0,0.0013337724353696691,10.932571111885405,11.014193088891622,-6.6189944620572
21-2011,941.0,58080.0,67160.0,32.29,Clergy,1.0,100.0,0.0,0.016201790633608815,11.114833111191476,10.969576649498677,-4.122571790245201
21-2021,68.0,21460.0,65040.0,31.27,"Directors, Religious Activities and Education",1.0,100.0,0.0,0.003168685927306617,11.082757744221691,9.973946016184689,-5.754122772560781
23-1011,146.0,747750.0,182760.0,87.86,Lawyers,0.8,100.0,0.0,0.00019525242393848212,12.115929095677208,13.524823976492195,-8.536108850099144
23-1012,48.0,13220.0,69850.0,33.58,Judicial Law Clerks,1.0,100.0,0.0,0.003630862329803328,11.154105364685108,9.489486113405677,-5.618009723751327
23-1021,335.0,16230.0,122620.0,58.95,"Administrative Law Judges, Adjudicators, and Hearing Officers",1.0,99.33598937583001,0.0,0.020640788662969808,11.716845421316679,9.694616660508636,-3.8804376820959314
23-1022,121.0,7860.0,91170.0,43.83,"Arbitrators, Mediators, and Conciliators",1.0,100.0,0.0,0.01539440203562341,11.42048117457895,8.969541885423252,-4.1736863832585485
23-1023,73.0,25580.0,143110.0,68.8,"Judges, Magistrate Judges, and Magistrates",1.0,100.0,0.0,0.0028537920250195467,11.871368844304921,10.149566075132833,-5.85875628440512
23-2011,79.0,367220.0,66510.0,31.98,Paralegals and Legal Assistants,1.0,94.48979591836735,0.0,0.00021512989488589945,11.105107591278466,12.813716402476178,-8.439630965815212
23-2093,167.0,48170.0,59600.0,28.65,"Title Examiners, Abstractors, and Searchers",0.6666666666666666,97.4538267566278,0.0,0.0034668881046294375,10.995410853053441,10.782491699624266,-5.664209485685456
25-1011,287.90421090066127,81780.0,113840.0,54.73076923076923,"Business Teachers, Postsecondary",0.75,99.88584474885845,0.9166666666666666,0.003520472131336039,11.642549232763734,11.311787993918633,-5.648876157671819
25-1021,63.706294233994534,36240.0,105830.0,50.87980769230769,"Computer Science Teachers, Postsecondary",0.6666666666666666,100.0,1.0,0.0017578999512691648,11.56958931208777,10.497918760156915,-6.343066693031286
25-1022,237.9074436592819,48820.0,92880.0,44.65384615384615,"Mathematical Science Teachers, Postsecondary",0.6666666666666666,100.0,1.0,0.004873155339190535,11.439063616371772,10.79589534394695,-5.323808453300013
25-1031,55.84915137685168,9120.0,110360.0,53.05769230769231,"Architecture Teachers, Postsecondary",0.8181818181818182,100.0,1.0,0.006123810457988123,11.611503028331223,9.118225083068378,-5.095407468664765
25-1032,147.43356696126727,39910.0,119340.0,57.375,"Engineering Teachers, Postsecondary",0.75,100.0,0.9166666666666666,0.0036941510138127605,11.689731841076073,10.59438219804278,-5.600733855643705
25-1041,63.706294233994534,8700.0,97790.0,47.01442307692308,"Agricultural Sciences Teachers, Postsecondary",0.9166666666666666,100.0,1.0,0.007322562555631556,11.49057760130632,9.071078304642676,-4.916658381475266
25-1042,1055.4875442339946,53250.0,101340.0,48.72115384615385,"Biological Science Teachers, Postsecondary",0.75,100.0,1.0,0.019821362333032763,11.526236479029901,10.882753083571671,-3.9209445678269415
25-1043,241.74077699261525,1310.0,103780.0,49.89423076923077,"Forestry and Conservation Science Teachers, Postsecondary",0.75,100.0,1.0,0.18453494426917194,11.55002855292173,7.177782416195197,-1.689911014589374
25-1051,1068.7062942339946,11480.0,112950.0,54.30288461538461,"Atmospheric, Earth, Marine, and Space Sciences Teachers, Postsecondary",0.5,100.0,0.8571428571428571,0.09309288277299604,11.63470052189615,9.348361669873558,-2.374146802840705
25-1052,147.0679013768517,20390.0,103030.0,49.53365384615385,"Chemistry Teachers, Postsecondary",0.8181818181818182,100.0,0.9090909090909091,0.007212746511861289,11.542775486939114,9.922799863568502,-4.931766835479497
25-1053,63.706294233994534,7130.0,100360.0,48.25,"Environmental Science Teachers, Postsecondary",0.8333333333333334,100.0,1.0,0.008934964128189976,11.516519000480358,8.872066513408342,-4.717671231526118
25-1054,208.85023362793393,13590.0,105460.0,50.70192307692308,"Physics Teachers, Postsecondary",0.8461538461538461,100.0,0.9230769230769231,0.01536793477762575,11.566087013084461,9.51708950714519,-4.175407029127712
25-1061,254.27202699261525,5260.0,102530.0,49.29326923076923,"Anthropology and Archeology Teachers, Postsecondary",0.9,100.0,1.0,0.04834068954232229,11.537910717664136,8.567886305731756,-3.0294609530903913
25-1062,248.01690029460065,11430.0,97350.0,46.80288461538461,"Area, Ethnic, and Cultural Studies Teachers, Postsecondary",0.9230769230769231,100.0,1.0,0.02169876642997381,11.486068010800345,9.343996756788856,-3.830453782089328
25-1063,248.01690029460065,12420.0,133140.0,64.00961538461539,"Economics Teachers, Postsecondary",0.9230769230769231,100.0,1.0,0.01996915461309184,11.799156485154695,9.42706335548747,-3.9135163893163902
25-1064,248.01690029460065,3290.0,99020.0,47.60576923076923,"Geography Teachers, Postsecondary",0.7692307692307693,100.0,1.0,0.07538507607738622,11.503077128915415,8.098642843759418,-2.585132688430023
25-1065,248.01690029460065,17170.0,105160.0,50.55769230769231,"Political Science Teachers, Postsecondary",0.9230769230769231,100.0,1.0,0.014444781612964511,11.563238278843817,9.75091895389152,-4.237352836942174
25-1066,202.0169002946006,41610.0,93530.0,44.96634615384615,"Psychology Teachers, Postsecondary",0.8125,100.0,0.875,0.004855008418519601,11.446037519428597,10.636095801976987,-5.327538491593906
25-1067,245.850233627934,12380.0,97270.0,46.76442307692308,"Sociology Teachers, Postsecondary",0.8333333333333334,100.0,1.0,0.01985866184393651,11.485245895863486,9.423837546238587,-3.9190646475021906
25-1071,239.850233627934,229720.0,137900.0,66.29807692307692,"Health Specialties Teachers, Postsecondary",0.8181818181818182,100.0,1.0,0.0010440981787738725,11.834284063781393,12.344616454978233,-6.8636444469986975
25-1072,55.99309077079107,74250.0,87090.0,41.87019230769231,"Nursing Instructors and Teachers, Postsecondary",0.7272727272727273,100.0,1.0,0.0007541157006167148,11.374697345686785,11.215193056664946,-7.188639574606242
25-1081,248.01690029460065,59090.0,78500.0,37.74038461538461,"Education Teachers, Postsecondary",0.8461538461538461,100.0,1.0,0.0041972736553494774,11.2708539037705,10.98681698433972,-5.473081872631226
25-1082,308.5513830532213,4100.0,84320.0,40.53846153846154,"Library Science Teachers, Postsecondary",0.9285714285714286,100.0,0.9285714285714286,0.07525643489102958,11.342374363775189,8.318742252692399,-2.5868405776952024
25-1111,248.01690029460065,13560.0,84820.0,40.77884615384615,"Criminal Justice and Law Enforcement Teachers, Postsecondary",0.7692307692307693,100.0,1.0,0.01829033188013279,11.348286643028581,9.514879561494386,-4.001327999103075
25-1112,199.15975743745776,22800.0,139950.0,67.28365384615384,"Law Teachers, Postsecondary",0.6923076923076923,100.0,0.9230769230769231,0.008735077080590252,11.8490404949436,10.034515814942532,-4.740294036690875
25-1113,366.63148362793396,13350.0,81880.0,39.36538461538461,"Social Work Teachers, Postsecondary",0.75,99.87708947885939,0.9166666666666666,0.02746303248149318,11.313010039775225,9.499271663828395,-3.5948780401339855
25-1121,98.99309077079107,97890.0,102240.0,49.15384615384615,"Art, Drama, and Music Teachers, Postsecondary",0.6666666666666666,100.0,0.9166666666666666,0.0010112686767881406,11.535078269611361,11.491599678255476,-6.895561252455963
25-1122,248.01690029460065,29260.0,90340.0,43.43269230769231,"Communications Teachers, Postsecondary",0.7692307692307693,100.0,1.0,0.008476312381907063,11.411335609208596,10.283976674574115,-4.77036181550905
25-1123,1696.0169002946006,59590.0,90400.0,43.46153846153846,"English Language and Literature Teachers, Postsecondary",0.7647058823529411,100.0,0.8235294117647058,0.028461434809441192,11.411999546380267,10.995243053741024,-3.5591701379966167
25-1124,1400.0513830532213,21170.0,87670.0,42.14903846153846,"Foreign Language and Literature Teachers, Postsecondary",1.0,100.0,0.8461538461538461,0.06613374506628349,11.381335044582631,9.96034036412891,-2.716061026258914
25-1125,431.01690029460065,19860.0,93710.0,45.05288461538461,"History Teachers, Postsecondary",0.8666666666666667,100.0,0.8666666666666667,0.021702764365287043,11.44796018611787,9.896462937599164,-3.830269560425731
25-1126,367.01690029460065,20840.0,88210.0,42.40865384615385,"Philosophy and Religion Teachers, Postsecondary",1.0,100.0,0.8571428571428571,0.017611175637936693,11.387475614252812,9.944629495867304,-4.039164818509654
25-1192,58.15975743745774,2630.0,84450.0,40.60096153846154,"Family and Consumer Sciences Teachers, Postsecondary",0.75,100.0,1.0,0.02211397621196112,11.343914922235946,7.874739125171811,-3.8115002433141947
25-1193,323.23565029460065,12680.0,87980.0,42.29807692307692,"Recreation and Fitness Studies Teachers, Postsecondary",0.9230769230769231,100.0,0.9230769230769231,0.02549177052796535,11.384864794902711,9.447781227991216,-3.669360375721189
25-1194,2521.0,111150.0,68710.0,33.03,"Career/Technical Education Teachers, Postsecondary",1.0,100.0,0.0,0.02268106162843005,11.137650028025122,11.618635919392343,-3.786180903529377
25-2011,23.31818181818182,445080.0,41450.0,19.93,"Preschool Teachers, Except Special Education",1.0,100.0,1.0,5.239098997524449e-05,10.63224316056344,13.006009320271637,-9.837868553289482
25-2012,45.734848484848484,114410.0,67020.0,32.22115384615385,"Kindergarten Teachers, Except Special Education",1.0,100.0,1.0,0.00039974520133597135,11.112746361291302,11.647543766694989,-7.822184740754734
25-2021,103.058658008658,1393310.0,69790.0,33.55288461538461,"Elementary School Teachers, Except Special Education",1.0,100.0,1.0,7.396678270353187e-05,11.153246012011197,14.147192769281123,-9.498465439822178
25-2022,301.97532467532466,620370.0,70040.0,33.67307692307692,"Middle School Teachers, Except Special and Career/Technical Education",1.0,100.0,1.0,0.0004867664856058879,11.156821786399789,13.338071353215916,-7.625673779737746
25-2023,91.72532467532467,14200.0,68690.0,33.02403846153846,"Career/Technical Education Teachers, Middle School",1.0,100.0,1.0,0.006459529906713005,11.137358907207927,9.560997243589352,-5.042043935648871
25-2031,277.47532467532466,1072540.0,73700.0,35.43269230769231,"Secondary School Teachers, Except Special and Career/Technical Education",1.0,99.58677685950413,1.0,0.0002587086026398313,11.207758078177427,13.885540225126125,-8.25595031454643
25-2032,241.22532467532469,104450.0,70550.0,33.91826923076923,"Career/Technical Education Teachers, Secondary School",1.0,100.0,0.8571428571428571,0.0023094813276718497,11.16407695728096,11.556463766984711,-6.070299409196304
25-2051,122.3,28200.0,72610.0,34.90865384615385,"Special Education Teachers, Preschool",1.0,100.0,0.5,0.004336879432624114,11.192857932374292,10.247077256926206,-5.440369660273029
25-2057,318.47532467532466,95330.0,72310.0,34.76442307692308,"Special Education Teachers, Middle School",0.9090909090909091,99.62434259954921,0.9090909090909091,0.0033407670688694498,11.188717711168998,11.465099835487624,-5.7012555493620045
25-2058,341.14199134199134,162780.0,74610.0,35.87019230769231,"Special Education Teachers, Secondary School",1.0,99.58677685950413,0.9,0.002095724237264967,11.22002982546556,12.000154874881032,-6.167379039159874
25-2059,80.0,39350.0,74180.0,35.66346153846154,"Special Education Teachers, All Other",1.0,100.0,0.0,0.0020330368487928843,11.214249851043581,10.58025125384555,-6.197732865102521
25-3011,1402.568181818182,36260.0,64660.0,31.09,"Adult Basic Education, Adult Secondary Education, and English as a Second Language Instructors",0.8666666666666667,100.0,0.7333333333333333,0.038680865466579756,11.076898051279423,10.498470484308841,-3.252384381365059
25-3021,609.4015151515151,308520.0,53330.0,25.64,Self-Enrichment Teachers,0.75,100.0,0.75,0.0019752415245414077,10.884254303594648,12.639541950047935,-6.226558458106887
25-3041,5141.0,174660.0,47780.0,22.97,Tutors,0.7777777777777778,100.0,0.0,0.02943432955456315,10.7743624208798,12.070596505967725,-3.525559640554288
25-4011,584.0,7050.0,67620.0,32.51,Archivists,1.0,100.0,0.0,0.08283687943262412,11.121659076261876,8.860782895806315,-2.490869841133144
25-4012,508.0,12280.0,70060.0,33.68,Curators,1.0,100.0,0.0,0.041368078175895766,11.157107296751478,9.415727201701133,-3.185221581186473
25-4022,939.0,131830.0,69180.0,33.26,Librarians and Media Collections Specialists,1.0,100.0,0.0,0.007122809679132216,11.14446708249116,11.789268492752015,-4.944312629361864
25-4031,910.0,73770.0,43050.0,20.7,Library Technicians,0.2,100.0,0.0,0.012335637793140843,10.670117509855876,11.208707423878348,-4.395181761719051
25-9021,73.0,10260.0,60470.0,29.07,Farm and Home Management Educators,0.6666666666666666,100.0,0.0,0.007115009746588694,11.00990265326726,9.23600811872476,-4.945408139507101
25-9031,2914.0,210850.0,77600.0,37.31,Instructional Coordinators,0.25,100.0,0.0,0.013820251363528574,11.25932270617131,12.258902259174706,-4.281547917453163
25-9044,554.0,155010.0,47560.0,22.865384615384617,"Teaching Assistants, Postsecondary",1.0,99.48717948717949,0.0,0.0035739629701309595,10.769747350804717,11.95124490994934,-5.633800460895136
27-1011,974.0,50370.0,128100.0,61.59,Art Directors,0.5,100.0,0.0,0.019336906889021243,11.760566487884825,10.827151038739697,-3.945688021855258
27-1012,447.0,4370.0,45340.0,21.8,Craft Artists,1.0,100.0,0.0,0.1022883295194508,10.72194492406152,8.382518288089635,-2.2799499172375013
27-1013,2452.0,10000.0,76450.0,36.76,"Fine Artists, Including Painters, Sculptors, and Illustrators",0.45454545454545453,100.0,0.0,0.2452,11.244392211357209,9.210340371976184,-1.4056769966249711
27-1014,4585.0,21280.0,110110.0,52.94,Special Effects Artists and Animators,0.4,100.0,0.0,0.21546052631578946,11.609235145107636,9.96552294345558,-1.5349729175544118
27-1021,19.0,30250.0,88000.0,42.31,Commercial and Industrial Designers,0.0,100.0,0.0,0.000628099173553719,11.385092093460344,10.317251463458987,-7.371221645085355
27-1022,212.0,20910.0,122430.0,58.86,Fashion Designers,0.0,100.0,0.0,0.01013868962219034,11.71529471706796,9.94798279242268,-4.5912978905390185
27-1024,2692.0,214260.0,68610.0,32.98,Graphic Designers,1.0,100.0,0.0,0.012564174367590778,11.136193575684937,12.274945509816549,-4.376826230837285
27-1025,19.0,69580.0,71430.0,34.34,Interior Designers,1.0,100.0,0.0,0.0002730669732681805,11.176473228149018,11.150232448705934,-8.202138053457796
27-1027,107.0,10850.0,78450.0,37.71,Set and Exhibit Designers,0.6666666666666666,96.95625560001065,0.0,0.009861751152073732,11.270216758161178,9.291920358968605,-4.618990127778362
27-2011,12617.0,38800.0,92352.0,44.4,Actors,0.6666666666666666,100.0,0.0,0.32518041237113404,11.433362642133543,10.566175525611365,-1.1233720604723736
27-2012,2129.0,145270.0,114280.0,54.94,Producers and Directors,0.7333333333333333,99.2330383480826,0.0,0.014655469126454188,11.64640685634471,11.88634935886693,-4.222873462388642
27-2022,60.0,250940.0,58910.0,28.322115384615383,Coaches and Scouts,1.0,100.0,0.0,0.0002391009803140193,10.983766134515733,12.43296914571369,-8.33445097180488
27-2032,962.0,3430.0,62020.0,29.82,Choreographers,1.0,98.65853658536585,0.0,0.280466472303207,11.03521219265444,8.140315540159985,-1.27129752401207
27-2041,61.0,12330.0,84230.0,40.5,Music Directors and Composers,1.0,100.0,0.0,0.004947283049472831,11.341306431309409,9.41979059615839,-5.308714621263285
27-2042,21.0,38350.0,114670.40000000001,55.13,Musicians and Singers,1.0,100.0,0.0,0.0005475880052151239,11.649817205296955,10.554509806795402,-7.508162844054295
27-3011,134.0,23880.0,80110.0,38.52,Broadcast Announcers and Radio Disc Jockeys,1.0,100.0,0.0,0.005611390284757119,11.291155969209163,10.080796567506539,-5.182778574477733
27-3023,666.0,41550.0,106030.0,50.98,"News Analysts, Reporters, and Journalists",1.0,99.6116504854369,0.0,0.016028880866425992,11.571477351919844,10.634652800283595,-4.13330074430183
27-3031,1112.0,280590.0,80310.0,38.61,Public Relations Specialists,1.0,100.0,0.0,0.003963077800349264,11.293649425182508,12.544649808096706,-5.53048203597913
27-3041,6689.0,95480.0,85700.0,41.2,Editors,0.8571428571428571,100.0,0.0,0.07005655634687893,11.358608104585871,11.466672080452767,-2.6584381412547415
27-3042,2455.0,55530.0,92330.0,44.39,Technical Writers,1.0,100.0,0.0,0.04421033675490726,11.433124394766674,10.924678694235652,-3.1187740351182383
27-3043,8501.0,47800.0,85780.0,41.24,Writers and Authors,0.4375,99.00799957618139,0.25,0.17784518828451884,11.359541158070872,10.774780918479548,-1.7268362130100987
27-3091,2103.0,53360.0,64950.0,31.22,Interpreters and Translators,0.5,100.0,0.0,0.03941154422788606,11.081373022098745,10.884816680589505,-3.2336711319324296
27-3092,381.0,12630.0,74630.0,35.88,Court Reporters and Simultaneous Captioners,0.5,100.0,0.0,0.03016627078384798,11.220297850125434,9.443830215344537,-3.500997691160973
27-4011,216.0,70080.0,61370.0,29.51,Audio and Video Technicians,0.0,100.0,0.0,0.0030821917808219177,11.024676395383143,11.157392725610274,-5.781789926102381
27-4012,71.0,21080.0,64220.0,30.87,Broadcast Technicians,0.0,100.0,0.0,0.003368121442125237,11.070069967643505,9.956080002655298,-5.693103268272034
27-4014,50.0,13050.0,79280.0,38.12,Sound Engineering Technicians,1.0,100.0,0.0,0.0038314176245210726,11.28074116900387,9.47654341275084,-5.564259441377268
27-4021,1429.0,51230.0,55650.0,26.76,Photographers,1.0,100.0,0.0,0.027893812219402694,10.926837356703691,10.844080576933248,-3.5793145494010585
27-4031,376.0,24460.0,79870.0,38.4,"Camera Operators, Television, Video, and Film",0.3333333333333333,100.0,0.0,0.015372035977105479,11.288155591911435,10.104794409241164,-4.175140214775647
27-4032,1543.0,28860.0,83530.0,40.16,Film and Video Editors,0.8,100.0,0.0,0.05346500346500346,11.332961127749952,10.270211832327862,-2.9287092763158955
29-1011,43.0,37630.0,91830.0,44.15,Chiropractors,1.0,100.0,0.0,0.0011427052883337763,11.427694320607568,10.535556883587484,-6.773482034305852
29-1021,143.0,113490.0,196100.0,94.28,"Dentists, General",1.0,100.0,0.0,0.0012600229095074457,12.186380012184438,11.639470006295184,-6.675832054434452
29-1023,26.0,5150.0,254620.0,122.41,Orthodontists,1.0,100.0,0.0,0.005048543689320388,12.447527516615637,8.546751993657782,-5.288457398327867
29-1024,22.0,760.0,258660.0,124.36,Prosthodontists,1.0,100.0,0.0,0.02894736842105263,12.463269736969234,6.633318433280377,-3.542241435064196
29-1031,502.0,76570.0,74770.0,35.95,Dietitians and Nutritionists,0.8333333333333334,99.59478021978022,0.0,0.006556092464411649,11.222172013993962,11.245960634107169,-5.027207996166461
29-1051,382.0,328870.0,137210.0,65.97,Pharmacists,1.0,100.0,0.0,0.0011615531973120077,11.829267877915221,12.703417814882286,-6.757136660421162
29-1071,132.0,155540.0,136900.0,65.82,Physician Assistants,1.0,100.0,0.0,0.0008486562942008486,11.82700601127654,11.954658212248935,-7.070678650019074
29-1122,100.0,152280.0,98240.0,47.23,Occupational Therapists,1.0,98.53629976580797,0.0,0.0006566850538481745,11.495168743380969,11.933476210496433,-7.326784382792521
29-1123,85.0,248630.0,102400.0,49.23,Physical Therapists,1.0,100.0,0.0,0.0003418734665969513,11.536641991587544,12.423721126562404,-7.978149080909139
29-1124,17.0,18700.0,110820.0,53.28,Radiation Therapists,1.0,100.0,0.0,0.0009090909090909091,11.61566254242134,9.836278802842678,-7.001966063343161
29-1125,29.0,15060.0,65350.0,31.42,Recreational Therapists,1.0,100.0,0.0,0.0019256308100929615,11.087512719052368,9.619797501353885,-6.251982495817535
29-1128,95.0,8110.0,59620.0,28.66,Exercise Physiologists,1.0,100.0,0.0,0.011713933415536375,10.995746367232062,9.000853147109458,-4.446890890731542
29-1129,358.0,19320.0,73800.0,35.48,"Therapists, All Other",1.0,100.0,0.2857142857142857,0.018530020703933746,11.209114010588564,9.86889610776651,-3.9883091563415
29-1131,71.0,80630.0,140270.0,67.44,Veterinarians,1.0,100.0,0.0,0.0008805655463227087,11.851324415713718,11.297626067679067,-7.033811201179223
29-1141,1713.0,3282010.0,98430.0,47.32,Registered Nurses,0.8333333333333334,100.0,0.0,0.0005219362524794257,11.497100914623257,15.00396659755014,-7.556050989512974
29-1161,85.0,8280.0,128110.0,61.59,Nurse Midwives,1.0,100.0,0.0,0.010265700483091788,11.760644548850479,9.021598247379305,-4.578849583868501
29-1171,290.0,307390.0,132000.0,63.46,Nurse Practitioners,1.0,100.0,0.0,0.0009434269169458993,11.790557201568507,12.635872578653132,-6.9649322515221685
29-1212,24.9,18020.0,432490.0,207.93,Cardiologists,0.0,100.0,1.0,0.0013817980022197557,12.977314483699484,9.799237531162328,-6.583646294653344
29-1215,126.9,107950.0,256830.0,123.47,Family Medicine Physicians,1.0,99.39024390243902,1.0,0.001175544233441408,12.45616966640464,11.589423435942953,-6.745173753018365
29-1216,223.9,66640.0,262710.0,126.31,General Internal Medicine Physicians,1.0,99.39024390243902,1.0,0.00335984393757503,12.478806041184379,11.107060276840725,-5.695563164648074
29-1218,409.9,19900.0,281130.0,135.16,Obstetricians and Gynecologists,1.0,99.52153110047848,0.6,0.020597989949748742,12.546572474785979,9.898475010712584,-3.882513235954283
29-1221,105.4,42960.0,222340.0,106.89,"Pediatricians, General",0.6666666666666666,99.1869918699187,1.0,0.002453445065176909,12.311963020787607,10.668024729182747,-6.009854585984951
29-1222,224.0,11800.0,266020.0,127.89,"Physicians, Pathologists",0.75,99.66307277628033,0.0,0.018983050847457626,12.491326772907287,9.375854810453756,-3.964156081414755
29-1224,359.0,26290.0,359820.0,172.99,Radiologists,1.0,100.0,0.0,0.013655382274629136,12.79335918539061,10.176943917723927,-4.2935483007191495
29-1229,202.0,315360.0,253470.0,121.86,"Physicians, All Other",1.0,100.0,0.0,0.0006405377980720447,12.443000751815001,12.661470122386547,-7.3516424542538195
29-1241,15.0,12110.0,301500.0,144.95,"Ophthalmologists, Except Pediatric",1.0,100.0,0.0,0.0012386457473162675,12.616525295149378,9.401786836547139,-6.692929627829853
29-1292,114.0,219070.0,93890.0,45.14,Dental Hygienists,1.0,100.0,0.0,0.0005203816131830009,11.449879163252593,12.297146592429545,-7.55902832140773
29-1299,146.0,30870.0,128680.0,61.86,"Healthcare Diagnosing or Treating Practitioners, All Other",1.0,100.0,0.0,0.004729510851959832,11.765083981352962,10.337540117496205,-5.353722079781643
29-2031,92.0,61180.0,72890.0,35.04,Cardiovascular Technologists and Technicians,1.0,100.0,0.0,0.0015037593984962407,11.196706734376258,11.021575617704894,-6.499122261670377
29-2032,20.0,86460.0,92550.0,44.49,Diagnostic Medical Sonographers,1.0,100.0,0.0,0.0002313208420078649,11.435504318001643,11.367437158221623,-8.367391201989262
29-2033,559.0,16960.0,99690.0,47.93,Nuclear Medicine Technologists,1.0,100.0,0.0,0.03295990566037736,11.50982065001675,9.738612909345894,-3.4124330967583747
29-2034,68.0,223460.0,79760.0,38.35,Radiologic Technologists and Technicians,1.0,100.0,0.0,0.00030430502103284706,11.28677740463572,12.31698770610133,-8.094199212132517
29-2035,33.0,41530.0,91020.0,43.76,Magnetic Resonance Imaging Technologists,1.0,100.0,0.0,0.0007946063086925114,11.418834541570632,10.6341713366248,-7.136406081538128
29-2051,180.0,29950.0,39560.0,19.02,Dietetic Technicians,1.0,100.0,0.0,0.006010016694490818,10.58557378573665,10.307284603543595,-5.114161377605592
29-2052,166.0,487920.0,44800.0,21.54,Pharmacy Technicians,0.3333333333333333,100.0,0.0,0.0003402197081488769,10.709963418403076,13.097906736970337,-7.9829839827344555
29-2061,69.0,632430.0,64150.0,30.84,Licensed Practical and Licensed Vocational Nurses,0.6666666666666666,100.0,0.0,0.00010910298372942461,11.068979370043783,13.357324821522463,-9.114094414426416
29-2072,994.5,187910.0,55970.0,26.91,Medical Records Specialists,0.0,100.0,0.2857142857142857,0.0052924272257995845,10.932571111885405,12.143718403783199,-5.241289374117113
29-2099,358.0,174060.0,56370.0,27.1,"Health Technologists and Technicians, All Other",0.875,99.74696356275304,0.0,0.002056762036079513,10.93969238107562,12.067155346343505,-6.1861362769829515
29-9021,263.5,37620.0,73410.0,35.3,Health Information Technologists and Medical Registrars,0.0,100.0,0.5,0.007004253056884636,11.203815445104826,10.535291102855021,-4.961094974665846
29-9091,97.0,28950.0,63960.0,30.75,Athletic Trainers,1.0,100.0,0.0,0.0033506044905008635,11.06601316694789,10.273325483001141,-5.69831609541793
29-9092,89.0,3510.0,102890.0,49.47,Genetic Counselors,1.0,100.0,0.0,0.025356125356125355,11.541415735369856,8.163371316459912,-3.67469550930319
29-9099,133.0,36970.0,73200.0,35.19,"Healthcare Practitioners and Technical Workers, All Other",1.0,99.29041559581269,0.0,0.0035975114958074115,11.200950699949402,10.517862051930678,-5.627234992410593
31-1131,52.0,1388430.0,41270.0,19.84,Nursing Assistants,1.0,100.0,0.0,3.745237426445698e-05,10.627891122746627,14.143684170342205,-10.166090114518335
31-1133,28.0,34900.0,43610.0,20.97,Psychiatric Aides,1.0,100.0,0.0,0.0008022922636103152,10.683041760836812,10.460242108190519,-7.126791945591103
31-2011,111.0,47910.0,68540.0,32.95,Occupational Therapy Assistants,1.0,100.0,0.0,0.002316844082654978,11.1351727954286,10.777079529877168,-6.06711780006503
31-2012,17.0,5000.0,41850.0,20.12,Occupational Therapy Aides,1.0,100.0,0.0,0.0034,10.641847075917621,8.517193191416238,-5.683685772957078
31-9011,26.0,96040.0,63430.0,30.5,Massage Therapists,1.0,100.0,0.0,0.0002707205331112037,11.057692214627943,11.47252005033519,-8.210736471655744
31-9091,21.0,375430.0,48860.0,23.49,Dental Assistants,1.0,100.0,0.0,5.5935860213621714e-05,10.79671434481173,12.835827314699124,-9.773585183119579
31-9092,383.0,793460.0,44720.0,21.5,Medical Assistants,1.0,100.0,0.0,0.0004826960401280468,10.708176107828981,13.584158408100176,-7.634053864796826
31-9094,644.0,43070.0,39210.0,18.85,Medical Transcriptionists,0.7142857142857143,100.0,0.0,0.014952403064778267,10.576687095286378,10.670581978048157,-4.202816375298108
31-9095,48.0,41100.0,40290.0,19.37,Pharmacy Aides,0.5,100.0,0.0,0.0011678832116788322,10.603858578185394,10.623763400484325,-6.751706505949343
31-9096,158.0,114190.0,38990.0,18.74,Veterinary Assistants and Laboratory Animal Caretakers,1.0,100.0,0.0,0.0013836588142569402,10.571060481976643,11.645619006695695,-6.582301513187173
31-9097,26.0,138880.0,44390.0,21.34,Phlebotomists,1.0,100.0,0.0,0.0001872119815668203,10.70076949782808,11.841365529894176,-8.577941668828727
33-1011,73.0,53390.0,82260.0,39.55,First-Line Supervisors of Correctional Officers,1.0,100.0,0.0,0.0013672972466754075,11.317640241784416,10.885378741494232,-6.594188197803433
33-1021,36.0,93680.0,97030.0,46.65,First-Line Supervisors of Firefighting and Prevention Workers,1.0,100.0,0.0,0.0003842869342442357,11.482775488019346,11.4476399982716,-7.861522217511252
33-3011,23.0,16910.0,62180.0,29.89,Bailiffs,1.0,100.0,0.0,0.0013601419278533413,11.037788683612744,9.735660441892627,-6.599431278712078
33-3012,3292.0,365380.0,62760.0,30.17,Correctional Officers and Jailers,1.0,100.0,0.0,0.009009798018501287,11.047073206846969,12.808693186890562,-4.7093316409731
33-3021,369.0,110790.0,98770.0,47.48,Detectives and Criminal Investigators,0.8333333333333334,100.0,0.0,0.003330625507717303,11.500549193902174,11.615391796514718,-5.704294953635933
33-3051,402.0,666990.0,79320.0,38.14,Police and Sheriff's Patrol Officers,1.0,100.0,0.0,0.0006027076867719157,11.281245582633732,13.410530332281624,-7.412420439475163
33-9011,50.0,11790.0,49240.0,23.67,Animal Control Workers,1.0,100.0,0.0,0.004240882103477523,10.80446158029839,9.375006993531416,-5.462748215899721
33-9021,29.0,38700.0,61680.0,29.65,Private Detectives and Investigators,1.0,100.0,0.0,0.0007493540051679587,11.029715008237211,10.563594879017874,-7.194965455903518
33-9032,604.0,1241770.0,42890.0,20.62,Security Guards,1.0,100.0,0.0,0.0004864024738880791,10.666393977510927,14.032048339141483,-7.62642034110267
33-9091,18.0,90180.0,42910.0,20.63,Crossing Guards and Flaggers,1.0,100.0,0.0,0.0001996007984031936,10.666860177985571,11.409562951975076,-8.514193702368619
33-9093,45.0,46340.0,61840.0,29.73,Transportation Security Screeners,1.0,100.0,0.0,0.0009710832973672853,11.032305683261304,10.743760797986367,-6.936069060295679
33-9099,185.0,83110.0,48210.0,23.18,"Protective Service Workers, All Other",1.0,100.0,0.0,0.0022259655877752377,10.783321747399668,11.327920310547071,-6.107115343105038
35-1011,88.0,182320.0,64720.0,31.11,Chefs and Head Cooks,1.0,99.75903614457832,0.0,0.0004826678367705134,11.077825551732372,12.113518663919566,-7.63411217451505
35-1012,67.0,1187460.0,44900.0,21.59,First-Line Supervisors of Food Preparation and Serving Workers,1.0,100.0,0.0,5.642295319421286e-05,10.712193073730345,13.987327130113082,-9.765066453137745
35-2013,22.0,900.0,51290.0,24.66,"Cooks, Private Household",1.0,100.0,0.0,0.024444444444444446,10.845251080383314,6.802394763324311,-3.7113114017118396
35-2014,73.0,1452130.0,37730.0,18.14,"Cooks, Restaurant",0.0,100.0,0.0,5.027098124823535e-05,10.538210812958356,14.188542002039597,-9.878385633513593
35-3011,16.0,745610.0,39880.0,19.17,Bartenders,1.0,100.0,0.0,2.1458939660144044e-05,10.593630224075774,13.521957954280746,-10.703821819913378
35-3023,53.0,3780930.0,31350.0,15.07,Fast Food and Counter Workers,1.0,100.0,0.0,1.4017715218213508e-05,10.352969546061066,15.145480569080956,-11.106280039163572
35-3031,26.0,2302690.0,38360.0,18.44,Waiters and Waitresses,1.0,95.23809523809524,0.0,1.1291142099023316e-05,10.554770528997375,14.64958856270818,-11.306631709572704
35-9031,837.0,427150.0,32030.0,15.4,"Hosts and Hostesses, Restaurant, Lounge, and Coffee Shop",0.8,100.0,0.0,0.001959499005033361,10.374428242603203,12.964890518579764,-6.234556243738591
37-1011,227.0,174660.0,51170.0,24.6,First-Line Supervisors of Housekeeping and Janitorial Workers,0.8,100.0,0.0,0.0012996679262567274,10.842908701799137,12.070596505967725,-6.64487735703099
37-1012,390.0,124130.0,59380.0,28.55,"First-Line Supervisors of Landscaping, Lawn Service, and Groundskeeping Workers",1.0,100.0,0.0,0.0031418673970837027,10.99171274831775,11.729084682509994,-5.762619711976006
37-2021,74.0,96110.0,45800.0,22.02,Pest Control Workers,1.0,100.0,0.0,0.0007699510977005515,10.732039370102276,11.47324864781733,-7.1678856135194655
39-1013,165.0,25530.0,62600.0,30.1,First-Line Supervisors of Gambling Services Workers,1.0,100.0,0.0,0.006462984723854289,11.04452055708819,10.14760951023553,-5.041509321031252
39-1014,141.5,92830.0,51400.0,24.71,"First-Line Supervisors of Entertainment and Recreation Workers, Except Gambling Services",0.0,100.0,0.8,0.0015242917160400733,10.847393451443256,11.438525142393978,-6.485569598009604
39-1022,78.0,107060.0,50920.0,24.48,First-Line Supervisors of Personal Service Workers,1.0,100.0,1.0,0.0007285634223799739,10.838011052671343,11.581144703947372,-7.223064254260271
39-2021,24.0,277300.0,34750.0,16.71,Animal Caretakers,1.0,100.0,0.0,8.65488640461594e-05,10.455934850992938,12.53285523160387,-9.343313474231957
39-3011,21.0,82980.0,40420.0,19.43,Gambling Dealers,1.0,100.0,0.0,0.00025307302964569777,10.607079990957612,11.326354893886858,-8.27788881398105
39-3031,25.0,119210.0,31770.0,15.27,"Ushers, Lobby Attendants, and Ticket Takers",0.0,100.0,0.0,0.00020971395017196543,10.366277727263562,11.688641922712048,-8.465009030651167
39-3091,138.0,371590.0,31350.0,15.07,Amusement and Recreation Attendants,1.0,100.0,0.0,0.00037137705535671036,10.352969546061066,12.825546374903102,-7.895603627357715
39-3092,17.0,6290.0,65890.0,31.68,Costume Attendants,1.0,100.0,0.0,0.002702702702702703,11.095741963907866,8.746716349694486,-5.91313307407139
39-3093,33.0,14960.0,36490.0,17.54,"Locker Room, Coatroom, and Dressing Room Attendants",1.0,100.0,0.0,0.0022058823529411764,10.504793529430493,9.613135251528469,-6.116174459453165
39-4021,52.0,30560.0,35900.0,17.26,Funeral Attendants,0.0,99.74093264248704,0.0,0.0017015706806282722,10.48849257447637,10.327447243280456,-6.375616005014832
39-5011,26.0,18100.0,47800.0,22.98,Barbers,1.0,100.0,0.0,0.00143646408839779,10.774780918479548,9.803667217253917,-6.544874767588969
39-5012,98.0,295460.0,43460.0,20.89,"Hairdressers, Hairstylists, and Cosmetologists",0.6666666666666666,100.0,0.0,0.0003316861842550599,10.67959625381042,12.596288742875599,-8.008310901936552
39-5094,55.0,70240.0,48670.0,23.4,Skincare Specialists,1.0,100.0,0.0,0.0007830296127562642,10.7928181028275,11.159673228308998,-7.1510637669544
39-6011,56.0,31220.0,36960.0,17.77,Baggage Porters and Bellhops,1.0,100.0,0.0,0.0017937219730941704,10.51759152575562,10.348814194069423,-6.3229051586796645
39-6012,153.0,44200.0,40770.0,19.6,Concierges,1.0,100.0,0.0,0.0034615384615384616,10.6157017958133,10.696480068065789,-5.665753299504825
39-9011,82.0,520180.0,33140.0,15.93,Childcare Workers,0.5,100.0,0.0,0.000157637740782037,10.408496290980555,13.161930184506343,-8.748887315016287
39-9031,33.0,303620.0,51360.0,24.69,Exercise Trainers and Group Fitness Instructors,1.0,100.0,0.0,0.00010868849219419011,10.846614938363842,12.623532198486705,-9.117866098699963
39-9041,91.0,82810.0,41590.0,19.99,Residential Advisors,1.0,100.0,0.0,0.001098901098901099,10.635615032736958,11.324304106027746,-6.812535013309877
41-1011,1277.0,1113160.0,52350.0,25.17,First-Line Supervisors of Retail Sales Workers,0.8571428571428571,100.0,0.14285714285714285,0.0011471845916130655,10.865707216298683,13.922713375541287,-6.76957319992271
41-1012,782.0,219010.0,97870.0,47.06,First-Line Supervisors of Non-Retail Sales Workers,0.5714285714285714,100.0,0.14285714285714285,0.0035706132140084926,11.491395346419866,12.296872669856613,-5.634737904583266
41-2011,2905.0,3148030.0,31810.0,15.29,Cashiers,1.0,100.0,0.0,0.0009227993379986849,10.36753598474319,14.96228741833425,-6.987015676574775
41-2021,487.0,398620.0,43700.0,21.01,Counter and Rental Clerks,1.0,100.0,0.0,0.0012217149164617932,10.685103381083682,12.895763861116729,-6.706681551279652
41-2022,181.0,265060.0,42390.0,20.38,Parts Salespersons,1.0,100.0,0.0,0.0006828642571493247,10.654667764346684,12.48771149443467,-7.2877511144964675
41-2031,1729.0,3800250.0,37150.0,17.86,Retail Salespersons,1.0,100.0,0.0,0.0004549700677587001,10.522719050145906,15.150577412006266,-7.693083391484389
41-3011,1285.0,97470.0,76350.0,36.71,Advertising Sales Agents,0.9,100.0,0.0,0.013183543654457782,11.243083310646778,11.487299917331256,-4.328710070738486
41-3021,912.0,469480.0,81510.0,39.19,Insurance Sales Agents,1.0,100.0,0.0,0.001942574763568203,11.308480991088503,13.05938097821406,-6.2432263398921055
41-3031,4350.0,472300.0,110400.0,53.08,"Securities, Commodities, and Financial Services Sales Agents",0.8823529411764706,100.0,0.0,0.009210247723904299,11.611865412825132,13.065369655884208,-4.687329962982642
41-3041,479.0,59150.0,52690.0,25.33,Travel Agents,1.0,98.79194630872483,0.0,0.008098055790363483,10.87218096320333,10.987831869406532,-4.816007793189376
41-3091,373.0,1189330.0,81260.0,39.07,"Sales Representatives of Services, Except Advertising, Insurance, Financial Services, and Travel",0.0,98.12734082397003,0.6666666666666666,0.0003136219552184844,11.305409169541718,13.988900681319416,-8.064138782049513
41-4011,8775.0,293930.0,114520.0,55.06,"Sales Representatives, Wholesale and Manufacturing, Technical and Scientific Products",1.0,100.0,0.1,0.029854046881910658,11.64850475921205,12.591096922733552,-3.511401378664178
41-4012,2111.0,1266860.0,81470.0,39.17,"Sales Representatives, Wholesale and Manufacturing, Except Technical and Scientific Products",0.8333333333333334,100.0,0.0,0.0016663246136116067,11.307990133304687,14.052051955960437,-6.396534964949634
41-9011,926.0,64770.0,43730.0,21.03,Demonstrators and Product Promoters,0.7142857142857143,100.0,0.0,0.014296742318974834,10.685789644406967,11.078597812176962,-4.247653633972572
41-9021,498.0,49590.0,91660.0,44.07,Real Estate Brokers,0.8888888888888888,100.0,0.0,0.010042347247428918,11.425841358063115,10.81154447948318,-4.600844829102865
41-9022,1946.0,190600.0,70970.0,34.12,Real Estate Sales Agents,0.75,100.0,0.0,0.010209863588667366,11.170012531519028,12.157932270202238,-4.584303067750996
41-9031,2756.0,56690.0,130410.0,62.7,Sales Engineers,0.8888888888888888,100.0,0.0,0.04861527606279767,11.778438612650948,10.945353107318349,-3.02379690573017
41-9041,423.0,66430.0,36340.0,17.47,Telemarketers,0.8,100.0,0.0,0.006367604997741984,10.500674341950162,11.103904040659287,-5.056374829026013
41-9091,1022.0,4590.0,39890.0,19.18,"Door-to-Door Sales Workers, News and Street Vendors, and Related Workers",1.0,100.0,0.0,0.22265795206971678,10.593880944899452,8.431635303054591,-1.5021140411072886
43-1011,859.0,1495580.0,71560.0,34.4,First-Line Supervisors of Office and Administrative Support Workers,0.875,100.0,0.0,0.000574359111515265,11.178291537622655,14.218024649436174,-7.460516170346291
43-2011,356.0,35730.0,42130.0,20.26,"Switchboard Operators, Including Answering Service",0.7142857142857143,100.0,0.0,0.00996361600895606,10.648515354973062,10.483745951017456,-4.608714860033133
43-2021,47.0,3950.0,42880.0,20.62,Telephone Operators,1.0,100.0,0.0,0.01189873417721519,10.666160795744684,8.281470857895167,-4.431239217163295
43-3011,301.0,165020.0,48370.0,23.25,Bill and Account Collectors,1.0,100.0,0.0,0.0018240213307477882,10.786635065817029,12.013821957658335,-6.3061636039350075
43-3021,833.0,417500.0,49490.0,23.8,Billing and Posting Clerks,0.8,100.0,0.0,0.001995209580838323,10.809525907945932,12.942039823273047,-6.216505106185021
43-3031,1249.0,1455770.0,52020.0,25.01,"Bookkeeping, Accounting, and Auditing Clerks",0.6666666666666666,100.0,0.0,0.0008579652005467897,10.859383539002643,14.191045528227695,-7.059782148387609
43-3041,145.0,13490.0,38600.0,18.56,Gambling Cage Workers,0.5,100.0,0.0,0.010748702742772424,10.561007555452923,9.509703949201802,-4.532877176625908
43-3051,130.0,156950.0,56870.0,27.34,Payroll and Timekeeping Clerks,1.0,100.0,0.0,0.0008282892640968461,10.948523240300846,11.9636825622701,-7.094941532332085
43-3061,462.0,59900.0,50430.0,24.25,Procurement Clerks,0.8,100.0,0.0,0.007712854757929883,10.828341515070772,11.00043178410354,-4.8647372477464605
43-3071,19.0,339340.0,40940.0,19.68,Tellers,0.0,100.0,0.0,5.5991041433370664e-05,10.61986285921528,12.73475783359693,-9.772616470317486
43-4011,242.0,40090.0,67680.0,32.54,Brokerage Clerks,0.6666666666666666,100.0,0.0,0.006036418059366426,11.122545994280104,10.598882205636553,-5.109778832043135
43-4021,1650.0,6260.0,46610.0,22.41,Correspondence Clerks,0.75,100.0,0.0,0.26357827476038337,10.749570389366786,8.741935464094144,-1.3334011032673212
43-4031,184.0,170010.0,51200.0,24.61,"Court, Municipal, and License Clerks",1.0,100.0,0.0,0.001082289277101347,10.843494811027599,12.043612537831775,-6.827753239426602
43-4041,516.0,11960.0,51270.0,24.65,"Credit Authorizers, Checkers, and Clerks",0.2,100.0,0.2,0.0431438127090301,10.844861064777746,9.389323027504624,-3.1431930839970987
43-4051,6924.0,2725930.0,45380.0,21.82,Customer Service Representatives,0.7142857142857143,100.0,0.0,0.0025400505515548824,10.722826758333833,14.818320212258875,-5.9751776804874615
43-4061,203.0,156260.0,53970.0,25.95,"Eligibility Interviewers, Government Programs",0.75,100.0,0.0,0.0012991168565211827,10.896183615612689,11.959276565550736,-6.645301128922798
43-4071,579.0,78980.0,43700.0,21.01,File Clerks,1.0,100.0,0.0,0.0073309698657888075,10.685103381083682,11.27694993484064,-4.915511058971006
43-4081,506.0,261430.0,34740.0,16.7,"Hotel, Motel, and Resort Desk Clerks",1.0,100.0,0.0,0.0019355085491336113,10.455647039795096,12.473921840228234,-6.246868644284582
43-4111,4641.0,157310.0,45400.0,21.83,"Interviewers, Except Eligibility and Loan",0.8333333333333334,100.0,0.0,0.029502256690610896,10.72326738402944,11.96597365981655,-3.52325462543769
43-4121,3107.0,80070.0,37910.0,18.22,"Library Assistants, Clerical",0.3333333333333333,100.0,0.0,0.03880354689646559,10.542970208510381,11.290656531066679,-3.249217851165656
43-4131,337.0,173100.0,51050.0,24.54,Loan Interviewers and Clerks,1.0,100.0,0.0,0.0019468515309069901,10.840560823592812,12.0616247411643,-6.241028292833236
43-4141,43.0,38030.0,47610.0,22.89,New Accounts Clerks,1.0,100.0,0.0,0.0011306863002892454,10.770798102188564,10.546130600922305,-6.784046457491782
43-4151,467.0,83420.0,46270.0,22.24,Order Clerks,0.8571428571428571,100.0,0.0,0.005598177894989211,10.742249081901045,11.331643367750937,-5.185135496484076
43-4161,526.0,92580.0,50950.0,24.5,"Human Resources Assistants, Except Payroll and Timekeeping",0.7,100.0,0.0,0.005681572693886369,10.83860003865087,11.435828414585261,-5.17035120973051
43-4171,1042.0,964530.0,38480.0,18.5,Receptionists and Information Clerks,0.7777777777777778,100.0,0.0,0.0010803189118016028,10.557893904779643,13.779396215043262,-6.829573768290946
43-4181,896.0,127440.0,47720.0,22.94,Reservation and Transportation Ticket Agents and Travel Clerks,1.0,99.33862433862434,0.0,0.007030759573132455,10.773105876211853,11.755400944583931,-4.957318309580175
43-5011,197.0,97800.0,55420.0,26.64,Cargo and Freight Agents,0.8333333333333334,100.0,0.0,0.002014314928425358,10.922695818416969,11.49067985602291,-6.206979803773306
43-5021,102.0,71920.0,40060.0,19.26,Couriers and Messengers,0.6666666666666666,96.03174603174602,0.0,0.0014182424916573972,10.59813360921981,11.183309669145501,-6.55763200628685
43-5031,83.0,101140.0,54800.0,26.35,Public Safety Telecommunicators,1.0,100.0,0.0,0.0008206446509788412,10.911445472936107,11.524260974633973,-7.1042025544551155
43-5032,67.0,211000.0,53150.0,25.55,"Dispatchers, Except Police, Fire, and Ambulance",1.0,100.0,0.0,0.00031753554502369667,10.880873383770094,12.259613412458204,-8.051776487848734
43-5041,18.0,19620.0,55810.0,26.83,"Meter Readers, Utilities",1.0,100.0,0.0,0.0009174311926605505,10.92970834378248,9.884304733119354,-6.992843568841866
43-5061,114.0,385000.0,60420.0,29.05,"Production, Planning, and Expediting Clerks",0.3333333333333333,100.0,0.0,0.0002961038961038961,11.009075454940662,12.86099861326992,-8.121428661802174
43-5071,21.0,857630.0,44890.0,21.58,"Shipping, Receiving, and Inventory Clerks",1.0,100.0,0.0,2.44860837424064e-05,10.711970331775978,13.661928050030125,-10.577377990359668
43-6011,996.0,472770.0,77060.0,37.05,Executive Secretaries and Executive Administrative Assistants,0.8571428571428571,100.0,0.0,0.002106732660701821,11.252339618180148,13.066364291284227,-6.162142477644468
43-6012,235.0,154540.0,60320.0,29.0,Legal Secretaries and Administrative Assistants,0.75,100.0,0.0,0.001520641905008412,11.007419002681837,11.948208241487574,-6.487965326457462
43-6013,242.0,830760.0,45580.0,21.91,Medical Secretaries and Administrative Assistants,1.0,100.0,0.0,0.0002912995329577736,10.727224302799675,13.630096223460072,-8.137731483666435
43-6014,13503.0,1737820.0,47640.0,22.9,"Secretaries and Administrative Assistants, Except Legal, Medical, and Executive",0.6666666666666666,100.0,0.0,0.0077700797550954645,10.771428023469236,14.368142012125253,-4.857346159637518
43-9021,1678.0,135280.0,42070.0,20.22,Data Entry Keyers,0.5,100.0,0.0,0.012403903015966883,10.647090176584566,11.815101983572461,-4.389663480009452
43-9022,5339.0,36030.0,49730.0,23.91,Word Processors and Typists,1.0,100.0,0.0,0.1481820704968082,10.814363651708785,10.492107203742139,-1.9093068068099566
43-9031,975.0,4000.0,60250.0,28.97,Desktop Publishers,1.0,100.0,0.0,0.24375,11.0062578513529,8.294049640102028,-1.4116080665484934
43-9041,1179.0,229070.0,51980.0,24.99,Insurance Claims and Policy Processing Clerks,0.5833333333333334,99.5816091174867,0.0,0.005146898328022002,10.858614308195481,12.34178291268262,-5.2691667392447625
43-9051,28.0,62730.0,40200.0,19.33,"Mail Clerks and Mail Machine Operators, Except Postal Service",0.0,100.0,0.0,0.0004463574047505181,10.601622274607113,11.04659508109079,-7.7121527196308115
43-9061,5126.0,2510550.0,45470.0,21.86,"Office Clerks, General",0.6666666666666666,100.0,0.0,0.0020417836729003606,10.724808046819057,14.736012410609893,-6.193441855732829
43-9071,215.0,24740.0,41620.0,20.01,"Office Machine Operators, Except Computer",1.0,100.0,0.0,0.008690379951495554,10.636336099947625,10.11617664594648,-4.745423554671392
43-9081,140.0,5160.0,52730.0,25.35,Proofreaders and Copy Markers,1.0,100.0,0.0,0.027131782945736434,10.872939832524516,8.548691858475609,-3.607012579402655
43-9111,5002.0,5900.0,55470.0,26.67,Statistical Assistants,0.7142857142857143,100.0,0.0,0.8477966101694915,10.92359761304928,8.68270762989381,-0.16511333892875338
45-1011,31.0,29530.0,63360.0,30.46,"First-Line Supervisors of Farming, Fishing, and Forestry Workers",1.0,100.0,0.0,0.0010497798848628514,11.056588026488308,10.293161974737968,-6.858222643024682
45-2092,948.0,261690.0,37850.0,18.2,"Farmworkers and Laborers, Crop, Nursery, and Greenhouse",0.0,100.0,0.0,0.003622606901295426,10.541386258865595,12.474915876095373,-5.620285367629774
47-1011,940.0,806080.0,84500.0,40.62,First-Line Supervisors of Construction Trades and Extraction Workers,1.0,99.80850248946763,0.0,0.001166137356093688,11.344506813345266,13.599938272146382,-6.753201232437869
47-2051,85.0,205230.0,59360.0,28.54,Cement Masons and Concrete Finishers,1.0,100.0,0.0,0.00041416946840130585,10.991375877841262,12.231886580423154,-7.786823763495338
47-2061,90.0,1057660.0,51260.0,24.64,Construction Laborers,1.0,100.0,0.0,8.509350831079932e-05,10.844665999918062,13.87156947869425,-9.360076546460208
47-2111,21.0,742580.0,69630.0,33.47,Electricians,1.0,100.0,0.0,2.827978130302459e-05,11.150950787936592,13.517885887962755,-10.438613338058055
47-2132,141.0,25640.0,63540.0,30.55,"Insulation Workers, Mechanical",1.0,100.0,0.0,0.005499219968798752,11.059424907823507,10.151908911034607,-5.202967193216418
47-2142,15.0,1520.0,51900.0,24.95,Paperhangers,1.0,100.0,0.0,0.009868421052631578,10.85707406915398,7.326465613840322,-4.618314084538654
47-2152,177.0,455940.0,69940.0,33.63,"Plumbers, Pipefitters, and Steamfitters",1.0,100.0,0.0,0.00038820897486511384,11.155393010617367,13.030116500891886,-7.85139414814154
47-2181,53.0,136740.0,57090.0,27.45,Roofers,1.0,100.0,0.0,0.0003875968992248062,10.952384248958305,11.825836591467786,-7.852968000402213
47-2211,100.0,117470.0,66110.0,31.78,Sheet Metal Workers,0.0,100.0,0.0,0.0008512811781731506,11.099075300327623,11.673938260817932,-7.06759406425003
47-2231,526.0,28280.0,57380.0,27.59,Solar Photovoltaic Installers,1.0,100.0,0.0,0.0185997171145686,10.957451089535356,10.24991012001051,-3.98455514445949
47-4011,78.0,137210.0,76430.0,36.75,Construction and Building Inspectors,0.6666666666666666,99.8992950654582,0.0,0.0005684716857371912,11.24413056823693,11.829267877915221,-7.470801494070352
47-4041,20.0,50570.0,55740.0,26.8,Hazardous Materials Removal Workers,0.0,100.0,0.0,0.00039549139806209217,10.928453301035939,10.831113794074028,-7.832856211797864
49-1011,263.0,600680.0,82930.0,39.87,"First-Line Supervisors of Mechanics, Installers, and Repairers",0.5,100.0,0.0,0.0004378371179330093,11.32575215744525,13.305817625794218,-7.731382243503031
49-2011,1053.0,73010.0,49820.0,23.95,"Computer, Automated Teller, and Office Machine Repairers",0.8571428571428571,100.0,0.0,0.014422681824407615,10.816171788816172,11.198351697050132,-4.2388838520870635
49-2021,53.0,11400.0,69180.0,33.26,"Radio, Cellular, and Tower Equipment Installers and Repairers",1.0,100.0,0.0,0.004649122807017544,11.14446708249116,9.341368634382587,-5.370861649620313
49-2022,1088.0,153890.0,66650.0,32.04,"Telecommunications Equipment Installers and Repairers, Except Line Installers",0.6,100.0,0.0,0.007069985054259536,11.107210325606856,11.943993340457897,-4.951755480029424
49-2092,16.0,16570.0,56820.0,27.32,"Electric Motor, Power Tool, and Related Repairers",1.0,100.0,0.0,0.0009656004828002414,10.947643655408179,9.71534911042061,-6.941725299070442
49-2093,19.0,7310.0,80980.0,38.93,"Electrical and Electronics Installers and Repairers, Transportation Equipment",0.0,100.0,1.0,0.0025991792065663474,11.301957489586153,8.896998552743824,-5.9521749107275195
49-2094,56.0,59990.0,72950.0,35.07,"Electrical and Electronics Repairers, Commercial and Industrial Equipment",1.0,100.0,0.0,0.0009334889148191366,11.197529553950933,11.00193316064714,-6.97551079329082
49-2096,43.0,10140.0,50240.0,24.16,"Electronic Equipment Installers and Repairers, Motor Vehicles",1.0,100.0,0.5,0.004240631163708087,10.82456680114208,9.224243277145174,-5.462807375297864
49-2097,86.0,22170.0,55740.0,26.8,Audiovisual Equipment Installers and Repairers,1.0,100.0,0.0,0.0038791159224176816,10.928453301035939,10.006495302610357,-5.551890248881487
49-2098,220.0,81510.0,60040.0,28.87,Security and Fire Alarm Systems Installers,0.5,100.0,0.0,0.002699055330634278,11.002766285747398,11.308480991088503,-5.914483013354318
49-3023,31.0,688840.0,55260.0,26.57,Automotive Service Technicians and Mechanics,1.0,100.0,0.0,4.50031937750421e-05,10.919804598477407,13.442764302418835,-9.986799733993102
49-3031,44.0,287230.0,62480.0,30.04,Bus and Truck Mechanics and Diesel Engine Specialists,1.0,100.0,0.0,0.00015318734115517182,11.042601784513568,12.568038567525484,-8.777342193880845
49-9021,120.0,396870.0,62690.0,30.14,"Heating, Air Conditioning, and Refrigeration Mechanics and Installers",0.5,99.27113702623906,0.0,0.0003023660140600197,11.045957224268014,12.891364050124535,-8.100570514265476
49-9041,92.0,421940.0,67160.0,32.29,Industrial Machinery Mechanics,1.0,100.0,0.0,0.00021804047968905532,11.114833111191476,12.952618402814814,-8.426254006465543
49-9052,30.0,98360.0,72440.0,34.83,Telecommunications Line Installers and Repairers,1.0,100.0,0.0,0.00030500203334688896,11.19051391199735,11.49638949633013,-8.091918811109498
49-9061,371.0,2010.0,53420.0,25.69,Camera and Photographic Equipment Repairers,0.5,100.0,0.0,0.1845771144278607,10.885940486663952,7.605890001053122,-1.689682520670605
49-9062,21.0,60830.0,66810.0,32.12,Medical Equipment Repairers,1.0,100.0,0.0,0.00034522439585730726,11.109608048919522,11.015838367314752,-7.968423450179444
51-2011,121.0,32890.0,66510.0,31.98,"Aircraft Structure, Surfaces, Rigging, and Systems Assemblers",1.0,100.0,0.0,0.0036789297658862876,11.105107591278466,10.400923939183103,-5.604861612340413
51-2031,103.0,38420.0,56040.0,26.94,Engine and Other Machine Assemblers,1.0,100.0,0.0,0.002680895366996356,10.933821000450944,10.556333436322548,-5.921231507935
51-2061,110.0,230.0,42410.0,20.39,Timing Device Assemblers and Adjusters,0.0,100.0,0.0,0.4782608695652174,10.655139462468636,5.438079308923196,-0.7375968522238742
51-4031,53.0,174430.0,47060.0,22.62,"Cutting, Punching, and Press Machine Setters, Operators, and Tenders, Metal and Plastic",1.0,100.0,0.0,0.0003038468153413977,10.759178662281354,12.069278794012181,-8.095701152306322
51-4041,16.0,298790.0,57390.0,27.59,Machinists,0.0,100.0,0.0,5.3549315572810334e-05,10.957625351102408,12.607496264478618,-9.81640539255015
51-4062,21.0,1570.0,57930.0,27.85,"Patternmakers, Metal and Plastic",1.0,100.0,0.0,0.01337579617834395,10.96699066409067,7.358830898342354,-4.314233701508701
51-4081,44.0,129850.0,48590.0,23.36,"Multiple Machine Tool Setters, Operators, and Tenders, Metal and Plastic",1.0,97.38219895287958,0.0,0.00033885252214093184,10.79117302739995,11.774135217090894,-7.986998792863482
51-4193,24.0,31510.0,43820.0,21.07,"Plating Machine Setters, Operators, and Tenders, Metal and Plastic",0.0,100.0,0.0,0.0007616629641383687,10.687845613149458,10.35806023475132,-7.178694348858157
51-5111,102.0,23070.0,49130.0,23.62,Prepress Technicians and Workers,1.0,100.0,0.0,0.004421326397919376,10.802225125162694,10.0462883511678,-5.421089386986981
51-6052,768.0,16290.0,44050.0,21.18,"Tailors, Dressmakers, and Custom Sewers",1.0,100.0,0.0,0.04714548802946593,10.693080631364326,9.69830670159609,-3.0544957577358676
51-6061,271.0,5820.0,39000.0,18.75,Textile Bleaching and Dyeing Machine Operators and Tenders,0.0,100.0,0.0,0.04656357388316151,10.571316925111784,8.669055540725484,-3.0669152440616285
51-6062,75.0,8960.0,38500.0,18.51,"Textile Cutting Machine Setters, Operators, and Tenders",0.0,100.0,1.0,0.008370535714285714,10.558413520275876,9.100525505968976,-4.782917932901573
51-6063,75.0,14530.0,39470.0,18.97,"Textile Knitting and Weaving Machine Setters, Operators, and Tenders",0.0,100.0,1.0,0.00516173434273916,10.583296168656894,9.583970756564328,-5.266288928458564
51-7031,19.0,360.0,59780.0,28.74,"Model Makers, Wood",1.0,100.0,0.0,0.05277777777777778,10.99842643583793,5.886104031450156,-2.9416461050947933
51-7032,129.0,180.0,57920.0,27.84,"Patternmakers, Wood",1.0,100.0,0.0,0.7166666666666667,10.966818027059597,5.19295685089021,-0.3331430511806745
51-7041,22.0,43140.0,42390.0,20.38,"Sawing Machine Setters, Operators, and Tenders, Wood",0.0,100.0,0.0,0.0005099675475197032,10.654667764346684,10.672205919943147,-7.579204477566505
51-8012,15.0,9180.0,109620.0,52.7,Power Distributors and Dispatchers,1.0,100.0,0.0,0.0016339869281045752,11.604775118600108,9.124782483614537,-6.416120469707955
51-8013,1017.0,30720.0,95990.0,46.15,Power Plant Operators,0.5,100.0,0.0,0.03310546875,11.471999298357582,10.332669187261608,-3.40802658517958
51-8092,86.0,15910.0,85470.0,41.09,Gas Plant Operators,1.0,100.0,0.0,0.005405405405405406,11.355920716160064,9.674703121331833,-5.220170842188715
51-8093,155.0,34860.0,90970.0,43.74,"Petroleum Pump System Operators, Refinery Operators, and Gaugers",1.0,100.0,0.0,0.00444635685599541,11.418285060816107,10.459095319074011,-5.415445324215898
51-9011,35.0,127410.0,59800.0,28.75,Chemical Equipment Operators and Tenders,1.0,100.0,0.0,0.00027470371242445645,10.998760939938723,11.755165511975427,-8.196183774575575
51-9012,23.0,54200.0,53830.0,25.88,"Separating, Filtering, Clarifying, Precipitating, and Still Machine Setters, Operators, and Tenders",0.0,100.0,0.0,0.0004243542435424354,10.893586211555004,10.900436187427738,-7.762588222002432
51-9021,424.0,28550.0,49400.0,23.75,"Crushing, Grinding, and Polishing Machine Setters, Operators, and Tenders",1.0,100.0,0.0,0.014851138353765324,10.807705703176014,10.259412215084156,-4.2096114272134315
51-9023,152.0,100840.0,49990.0,24.04,"Mixing and Blending Machine Setters, Operators, and Tenders",1.0,100.0,0.0,0.001507338357794526,10.819578264407616,11.521290381301856,-6.496746659369413
51-9032,16.0,47540.0,46420.0,22.32,"Cutting and Slicing Machine Setters, Operators, and Tenders",1.0,100.0,0.0,0.00033655868742111904,10.745485679828429,10.769326740914185,-7.993771174113402
51-9051,27.0,16160.0,49250.0,23.68,"Furnace, Kiln, Oven, Drier, and Kettle Operators and Tenders",1.0,100.0,0.0,0.0016707920792079208,10.804664646600235,9.690294332075087,-6.393859126593012
51-9061,619.0,591180.0,51670.0,24.84,"Inspectors, Testers, Sorters, Samplers, and Weighers",0.5,100.0,0.0,0.0010470584255218376,10.85263262128123,13.289875818544575,-6.8608159450934965
51-9071,25.0,23420.0,55030.0,26.46,Jewelers and Precious Stone and Metal Workers,1.0,100.0,0.0,0.001067463706233988,10.915633770053805,10.061345637151708,-6.841533450806777
51-9081,15.0,33920.0,54060.0,25.99,Dental Laboratory Technicians,1.0,100.0,0.0,0.0004422169811320755,10.897849819830439,10.43176008990584,-7.721451108436504
51-9124,209.0,159500.0,51610.0,24.81,"Coating, Painting, and Spraying Machine Setters, Operators, and Tenders",0.0,100.0,0.0,0.001310344827586207,10.851470731142772,11.979799201207037,-6.636702082404402
51-9151,44.0,5550.0,46050.0,22.14,Photographic Process Workers and Processing Machine Operators,0.0,100.0,0.0,0.007927927927927928,10.737483041683452,8.62155320674048,-4.8372374444131045
51-9161,235.0,176950.0,52900.0,25.43,Computer Numerically Controlled Tool Operators,0.6666666666666666,100.0,0.0,0.0013280587736648772,10.876158617846391,12.08362248577361,-6.623284276252298
51-9162,3773.0,28230.0,69880.0,33.6,Computer Numerically Controlled Tool Programmers,1.0,100.0,0.0,0.1336521431101665,11.154534764247993,10.248140521247535,-2.012507319201488
51-9195,60.0,34750.0,46730.0,22.47,"Molders, Shapers, and Casters, Except Metal and Plastic",0.0,100.0,0.0,0.0017266187050359713,10.752141635694471,10.455934850992938,-6.361011289756456
51-9198,377.0,167490.0,40080.0,19.27,Helpers--Production Workers,0.0,100.0,0.0,0.0022508806495910205,10.598632735758747,12.028678926972516,-6.09598956762642
53-2012,32.0,51830.0,142960.0,68.73076923076923,Commercial Pilots,1.0,100.0,0.0,0.0006174030484275516,11.87032014983331,10.855724411183752,-7.388370131163187
53-2021,128.0,22400.0,142740.0,68.62,Air Traffic Controllers,1.0,100.0,0.0,0.005714285714285714,11.868780072525059,10.01681623784313,-5.164610989234228
53-2022,160.0,16640.0,67120.0,32.27,Airfield Operations Specialists,0.3333333333333333,98.74449880481649,0.0,0.009615384615384616,11.114237341141088,9.719564714375199,-4.644286904548998
53-2031,93.0,130110.0,78950.0,37.95673076923077,Flight Attendants,1.0,100.0,0.0,0.0007147798017062486,11.276570019683788,11.776135525497521,-7.242137977820016
53-3031,365.0,417420.0,39670.0,19.07,Driver/Sales Workers,0.5,100.0,0.0,0.0008744190503569546,10.588350513508376,12.941848188145743,-7.040807871556038
53-3032,66.0,2070480.0,58400.0,28.08,Heavy and Tractor-Trailer Truck Drivers,1.0,100.0,0.0,3.1876666280282836e-05,10.975071168816319,14.54329102241857,-10.322747383419006
53-3053,48.5,229630.0,39070.0,18.79,Shuttle Drivers and Chauffeurs,0.0,95.69892473118279,0.5,0.00021120933675913427,10.573110188049116,12.344224596912916,-8.457937332944935
53-3054,44.5,17510.0,39310.0,18.9,Taxi Drivers,0.0,99.7560975609756,0.5,0.002541404911479155,10.579234218415905,9.770527425279898,-5.974644830355827
53-4041,68.0,9200.0,75620.0,36.36,Subway and Streetcar Operators,1.0,100.0,0.0,0.007391304347826087,11.233476077444925,9.126958763037132,-4.907315772894802
53-5031,15.0,8580.0,105600.0,50.77,Ship Engineers,1.0,100.0,0.0,0.0017482517482517483,11.567413650254299,9.057189192482008,-6.348567154909442
53-6021,15.0,134650.0,34190.0,16.44,Parking Attendants,1.0,100.0,0.0,0.00011139992573338285,10.439688482633347,11.810434098239744,-9.09344728123993
53-6031,21.0,98270.0,35800.0,17.21,Automotive and Watercraft Service Attendants,0.0,100.0,0.0,0.000213696957362369,10.485703172388792,11.495474071356472,-8.446283024757186
53-6051,27.0,23320.0,86490.0,41.58,Transportation Inspectors,0.0,100.0,0.0,0.0011578044596912522,11.367784079300558,10.057066640464429,-6.760366443533809
53-6061,126.0,25340.0,38480.0,18.5,Passenger Attendants,0.5,100.0,0.0,0.004972375690607734,10.557893904779643,10.14013945387513,-5.3036564560326696
53-7011,227.0,26060.0,44800.0,21.54,Conveyor Operators and Tenders,0.0,100.0,0.0,0.008710667689946277,10.709963418403076,10.168156850678836,-4.743092038024537
53-7065,396.0,2779530.0,38910.0,18.71,Stockers and Order Fillers,1.0,100.0,0.0,0.0001424701298420956,10.569006565978599,14.837792406625562,-8.849383698842217
53-7081,16.0,139180.0,51210.0,24.62,Refuse and Recyclable Material Collectors,0.0,100.0,0.0,0.00011495904583991953,10.843690104456597,11.84352333839884,-9.062273482299972
